{"stats":{"minecraft:mined":{"minecraft:dark_prismarine_stairs":8,"minecraft:dark_prismarine":5,"minecraft:spruce_planks":2,"minecraft:crafting_table":4,"gravestone:gravestone":4,"minecraft:grass_block":2,"minecraft:spruce_leaves":2,"minecraft:wall_torch":1,"minecraft:ice":4,"minecraft:blue_ice":1,"minecraft:spruce_log":24,"minecraft:bookshelf":1,"minecraft:coal_ore":25},"minecraft:broken":{"mmorpg:weapon/staff/iron":1,"minecraft:wooden_sword":1,"minecraft:wooden_axe":1},"minecraft:picked_up":{"minecraft:wooden_axe":1,"mmorpg:ingredient/ender_cream":3,"minecraft:crafting_table":4,"aoa3:copper_coin":2,"minecraft:potion":7,"minecraft:enchanted_book":2,"ars_nouveau:wilden_wing":1,"gravestone:obituary":1,"minecraft:gunpowder":2,"mmorpg:ingredient/crystal_beryl":3,"minecraft:string":1,"minecraft:dirt":2,"minecraft:bone":3,"minecraft:bow":2,"mmorpg:loot_crate/default":1,"minecraft:dark_prismarine_stairs":8,"minecraft:spruce_planks":3,"minecraft:glass_bottle":7,"minecraft:sugar_cane":5,"minecraft:book":3,"minecraft:tipped_arrow":1,"minecraft:stick":2,"minecraft:torch":1,"mysticalworld:silkworm_egg":1,"minecraft:spruce_sapling":2,"minecraft:spruce_log":23,"minecraft:spider_eye":1,"minecraft:dark_prismarine":5,"minecraft:arrow":1,"minecraft:rotten_flesh":3,"ars_nouveau:worn_notebook":1,"mmorpg:stat_soul/stat_soul":1,"minecraft:coal":25},"minecraft:used":{"minecraft:spruce_planks":12,"minecraft:wooden_pickaxe":42,"minecraft:torch":2,"minecraft:golden_apple":1,"minecraft:dirt":2,"minecraft:crafting_table":4,"minecraft:dark_prismarine":5,"minecraft:wooden_axe":56,"minecraft:apple":3,"minecraft:map":1,"mmorpg:weapon/staff/iron":4,"minecraft:wooden_sword":126,"minecraft:potion":7,"minecraft:dark_prismarine_stairs":1},"minecraft:custom":{"minecraft:mob_kills":17,"minecraft:interact_with_crafting_table":10,"minecraft:play_one_minute":69702,"minecraft:leave_game":2,"minecraft:time_since_death":23208,"minecraft:sleep_in_bed":1,"minecraft:climb_one_cm":3958,"minecraft:time_since_rest":16984,"minecraft:sprint_one_cm":116633,"minecraft:walk_one_cm":211829,"minecraft:damage_taken":2791,"minecraft:damage_absorbed":938,"minecraft:drop":19,"minecraft:damage_dealt":4419,"minecraft:fly_one_cm":160105,"minecraft:open_chest":13,"minecraft:crouch_one_cm":1702,"minecraft:deaths":4,"minecraft:sneak_time":704,"minecraft:walk_under_water_one_cm":2599,"minecraft:interact_with_lectern":1,"minecraft:jump":889,"minecraft:walk_on_water_one_cm":7975,"minecraft:fall_one_cm":21871},"minecraft:dropped":{"minecraft:glass_bottle":7,"minecraft:shield":1,"minecraft:gunpowder":2,"minecraft:wooden_axe":1,"gravestone:obituary":5,"minecraft:wooden_sword":2,"minecraft:bow":1},"minecraft:killed":{"minecraft:spider":4,"minecraft:zombie":3,"ars_nouveau:wilden_stalker":1,"minecraft:stray":1,"aoa3:yeti":6},"minecraft:killed_by":{"aoa3:bomb_carrier":1,"minecraft:stray":1,"aoa3:snow_charger":2},"minecraft:crafted":{"minecraft:wooden_sword":4,"minecraft:crafting_table":1,"minecraft:spruce_planks":92,"minecraft:wooden_pickaxe":1,"minecraft:iron_sword":1,"minecraft:shield":2,"minecraft:stick":44,"minecraft:iron_pickaxe":1,"minecraft:wooden_axe":2,"minecraft:torch":32}},"DataVersion":2586}