{"stats":{"minecraft:mined":{"minecraft:dark_prismarine_stairs":8,"minecraft:dark_prismarine":5,"minecraft:blue_ice":1,"minecraft:ice":4,"minecraft:spruce_log":24,"minecraft:crafting_table":2,"gravestone:gravestone":3,"minecraft:grass_block":2,"minecraft:spruce_leaves":2},"minecraft:broken":{"minecraft:wooden_axe":1,"mmorpg:weapon/staff/iron":1,"minecraft:wooden_sword":1},"minecraft:picked_up":{"minecraft:crafting_table":2,"minecraft:stick":2,"aoa3:copper_coin":2,"ars_nouveau:wilden_wing":1,"minecraft:enchanted_book":2,"mysticalworld:silkworm_egg":1,"gravestone:obituary":1,"minecraft:spruce_sapling":2,"minecraft:spruce_log":23,"minecraft:dirt":2,"minecraft:spider_eye":1,"mmorpg:ingredient/crystal_beryl":3,"minecraft:string":1,"minecraft:dark_prismarine":5,"minecraft:rotten_flesh":3,"ars_nouveau:worn_notebook":1,"minecraft:dark_prismarine_stairs":8,"minecraft:sugar_cane":5},"minecraft:used":{"minecraft:wooden_axe":51,"minecraft:dark_prismarine":5,"minecraft:map":1,"minecraft:wooden_pickaxe":16,"mmorpg:weapon/staff/iron":4,"minecraft:wooden_sword":77,"minecraft:crafting_table":2,"minecraft:dark_prismarine_stairs":1},"minecraft:custom":{"minecraft:time_since_rest":6249,"minecraft:sprint_one_cm":87997,"minecraft:damage_taken":1988,"minecraft:damage_absorbed":592,"minecraft:walk_one_cm":142110,"minecraft:mob_kills":14,"minecraft:drop":4,"minecraft:damage_dealt":3751,"minecraft:interact_with_crafting_table":4,"minecraft:fly_one_cm":122961,"minecraft:open_chest":2,"minecraft:play_one_minute":45702,"minecraft:crouch_one_cm":991,"minecraft:deaths":3,"minecraft:sneak_time":378,"minecraft:walk_under_water_one_cm":2131,"minecraft:jump":713,"minecraft:leave_game":2,"minecraft:time_since_death":5544,"minecraft:walk_on_water_one_cm":7790,"minecraft:climb_one_cm":3958,"minecraft:fall_one_cm":17933},"minecraft:dropped":{"gravestone:obituary":4},"minecraft:killed_by":{"minecraft:stray":1,"aoa3:snow_charger":2},"minecraft:killed":{"minecraft:zombie":3,"ars_nouveau:wilden_stalker":1,"aoa3:yeti":6,"minecraft:spider":4},"minecraft:crafted":{"minecraft:wooden_sword":2,"minecraft:crafting_table":1,"minecraft:spruce_planks":44,"minecraft:stick":16,"minecraft:wooden_pickaxe":1,"minecraft:wooden_axe":2}},"DataVersion":2586}