{"stats":{"minecraft:mined":{"minecraft:dark_prismarine_stairs":8,"minecraft:dark_prismarine":5,"minecraft:blue_ice":1,"minecraft:ice":4,"minecraft:spruce_log":24,"minecraft:crafting_table":2,"gravestone:gravestone":4,"minecraft:bookshelf":1,"minecraft:grass_block":2,"minecraft:spruce_leaves":2},"minecraft:broken":{"minecraft:wooden_axe":1,"mmorpg:weapon/staff/iron":1,"minecraft:wooden_sword":1},"minecraft:picked_up":{"mmorpg:ingredient/ender_cream":3,"minecraft:crafting_table":2,"minecraft:stick":2,"aoa3:copper_coin":2,"ars_nouveau:wilden_wing":1,"minecraft:enchanted_book":2,"mysticalworld:silkworm_egg":1,"gravestone:obituary":1,"minecraft:spruce_sapling":2,"minecraft:spruce_log":23,"minecraft:dirt":2,"minecraft:spider_eye":1,"mmorpg:ingredient/crystal_beryl":3,"minecraft:string":1,"minecraft:dark_prismarine":5,"minecraft:bone":1,"minecraft:rotten_flesh":3,"ars_nouveau:worn_notebook":1,"minecraft:dark_prismarine_stairs":8,"minecraft:sugar_cane":5,"minecraft:book":3},"minecraft:used":{"minecraft:wooden_axe":52,"minecraft:dark_prismarine":5,"minecraft:apple":3,"minecraft:map":1,"minecraft:wooden_pickaxe":16,"mmorpg:weapon/staff/iron":4,"minecraft:golden_apple":1,"minecraft:dirt":2,"minecraft:wooden_sword":88,"minecraft:crafting_table":3,"minecraft:dark_prismarine_stairs":1},"minecraft:custom":{"minecraft:time_since_rest":4984,"minecraft:sprint_one_cm":113360,"minecraft:damage_taken":2307,"minecraft:damage_absorbed":694,"minecraft:walk_one_cm":172776,"minecraft:mob_kills":15,"minecraft:drop":6,"minecraft:damage_dealt":3901,"minecraft:interact_with_crafting_table":8,"minecraft:fly_one_cm":158626,"minecraft:open_chest":8,"minecraft:play_one_minute":57702,"minecraft:crouch_one_cm":991,"minecraft:deaths":4,"minecraft:sneak_time":378,"minecraft:walk_under_water_one_cm":2599,"minecraft:jump":851,"minecraft:leave_game":2,"minecraft:time_since_death":11208,"minecraft:walk_on_water_one_cm":7975,"minecraft:sleep_in_bed":1,"minecraft:climb_one_cm":3958,"minecraft:fall_one_cm":21871},"minecraft:dropped":{"gravestone:obituary":5,"minecraft:wooden_sword":1},"minecraft:killed":{"minecraft:zombie":3,"ars_nouveau:wilden_stalker":1,"aoa3:yeti":6,"minecraft:spider":4},"minecraft:killed_by":{"aoa3:bomb_carrier":1,"minecraft:stray":1,"aoa3:snow_charger":2},"minecraft:crafted":{"minecraft:wooden_sword":4,"minecraft:crafting_table":1,"minecraft:spruce_planks":44,"minecraft:stick":16,"minecraft:wooden_pickaxe":1,"minecraft:wooden_axe":2}},"DataVersion":2586}