{"stats":{"minecraft:crafted":{"minecraft:wooden_sword":5,"minecraft:bone_meal":75,"aoa3:cooked_charger_shank":4,"minecraft:iron_axe":1,"minecraft:crafting_table":2,"minecraft:spruce_planks":116,"minecraft:baked_potato":62,"minecraft:wooden_pickaxe":5,"minecraft:iron_sword":3,"minecraft:wooden_hoe":1,"minecraft:shield":3,"minecraft:stick":56,"minecraft:iron_ingot":2,"minecraft:iron_pickaxe":1,"minecraft:wooden_axe":2,"minecraft:stone_sword":2,"minecraft:torch":64},"minecraft:used":{"aoa3:cooked_charger_shank":4,"minecraft:stone_sword":191,"minecraft:iron_bars":2,"minecraft:spruce_planks":52,"minecraft:shield":171,"minecraft:iron_sword":327,"aoa3:raw_charger_shank":1,"minecraft:torch":42,"minecraft:dirt":46,"minecraft:carrot":7,"tetra:scroll_rolled":3,"minecraft:wooden_axe":59,"minecraft:stone_bricks":1,"carryon:tile_item":2,"minecraft:cooked_beef":4,"minecraft:potato":109,"minecraft:dark_prismarine_stairs":1,"minecraft:water_bucket":15,"minecraft:spruce_door":1,"minecraft:stone_pickaxe":15,"minecraft:glass_bottle":45,"minecraft:baked_potato":18,"minecraft:wooden_pickaxe":199,"minecraft:golden_apple":2,"minecraft:crafting_table":7,"minecraft:red_bed":1,"minecraft:dark_prismarine":5,"minecraft:wooden_hoe":21,"minecraft:apple":3,"minecraft:bread":1,"minecraft:map":1,"mmorpg:weapon/staff/iron":4,"spartanweaponry:saber_iron":23,"minecraft:cobblestone":6,"minecraft:wooden_sword":184,"minecraft:potion":51,"travelersbackpack:standard":1,"minecraft:bucket":14,"minecraft:ice":3,"minecraft:wither_rose":1,"minecraft:bone_meal":75},"minecraft:dropped":{"minecraft:iron_sword":1,"minecraft:brown_mushroom":2,"mysticalworld:aubergine_seeds":1,"minecraft:cooked_beef":2,"minecraft:mossy_cobblestone":1,"minecraft:glass_bottle":18,"mmorpg:stat_soul/stat_soul":2,"minecraft:feather":2,"minecraft:cobblestone":67,"minecraft:cracked_stone_bricks":2,"minecraft:golden_apple":2,"minecraft:stick":23,"minecraft:dirt":2,"minecraft:wooden_axe":1,"mmorpg:ingredient/ectoplasm":2,"minecraft:potion":1,"gravestone:obituary":20,"minecraft:wooden_sword":2,"minecraft:string":8,"minecraft:bone":5,"minecraft:iron_nugget":2,"minecraft:coarse_dirt":1,"minecraft:stone_sword":1,"minecraft:bowl":1,"minecraft:rotten_flesh":3,"minecraft:shield":1,"mmorpg:gems/ruby/0":1,"minecraft:gunpowder":2,"minecraft:iron_bars":6,"minecraft:bow":1,"minecraft:wooden_pickaxe":1,"mmorpg:gems/amethyst/0":1},"minecraft:custom":{"minecraft:mob_kills":104,"minecraft:interact_with_crafting_table":29,"minecraft:leave_game":9,"minecraft:time_since_death":27856,"minecraft:climb_one_cm":7404,"minecraft:sprint_one_cm":701675,"minecraft:walk_one_cm":1060993,"minecraft:damage_blocked_by_shield":5361,"minecraft:drop":89,"minecraft:deaths":17,"minecraft:sneak_time":1771,"minecraft:walk_under_water_one_cm":2913,"minecraft:interact_with_lectern":1,"minecraft:jump":3992,"minecraft:walk_on_water_one_cm":13737,"minecraft:interact_with_furnace":18,"minecraft:play_one_minute":336455,"minecraft:sleep_in_bed":2,"minecraft:time_since_rest":34963,"minecraft:damage_taken":17776,"minecraft:damage_absorbed":7937,"minecraft:trigger_trapped_chest":2,"minecraft:damage_dealt":24517,"minecraft:fly_one_cm":768043,"minecraft:open_chest":116,"minecraft:crouch_one_cm":2055,"minecraft:fall_one_cm":96602},"minecraft:picked_up":{"minecraft:wooden_axe":1,"mmorpg:ingredient/ender_cream":6,"minecraft:crafting_table":6,"minecraft:coarse_dirt":1,"aoa3:ice_crystal":2,"iceandfire:witherbone":2,"aoa3:copper_coin":9,"minecraft:leather_leggings":1,"minecraft:brown_mushroom":2,"minecraft:wooden_pickaxe":1,"minecraft:wither_rose":2,"minecraft:potion":8,"minecraft:enchanted_book":2,"minecraft:stone_brick_stairs":3,"gravestone:obituary":3,"minecraft:string":20,"minecraft:red_bed":1,"minecraft:wooden_sword":2,"minecraft:cracked_stone_bricks":2,"mmorpg:loot_crate/default":4,"minecraft:dark_prismarine_stairs":8,"minecraft:spruce_planks":12,"aoa3:raw_charger_shank":4,"minecraft:iron_nugget":1,"minecraft:poppy":2,"minecraft:sugar_cane":5,"minecraft:iron_boots":1,"minecraft:tipped_arrow":2,"minecraft:stick":5,"minecraft:torch":25,"minecraft:bowl":1,"mysticalworld:silkworm_egg":1,"mmorpg:ingredient/fire_stone":3,"minecraft:tnt":2,"minecraft:stone_sword":1,"minecraft:arrow":22,"minecraft:rotten_flesh":31,"mysticalworld:aubergine_seeds":1,"mmorpg:ingredient/guardian_scales":3,"minecraft:white_terracotta":1,"minecraft:iron_bars":16,"minecraft:cobblestone":105,"minecraft:feather":8,"minecraft:cooked_beef":4,"minecraft:water_bucket":1,"minecraft:leather":2,"minecraft:potato":147,"minecraft:ice":3,"mmorpg:ingredient/crystal_blue_rock":2,"minecraft:stripped_spruce_wood":6,"minecraft:gunpowder":2,"mmorpg:ingredient/crystal_beryl":3,"mmorpg:ingredient/ectoplasm":3,"minecraft:dirt":48,"minecraft:blue_bed":1,"minecraft:leather_boots":1,"minecraft:bone":22,"tetra:scroll_rolled":3,"minecraft:stone_bricks":1,"minecraft:bow":3,"aoa3:tea_seeds":1,"minecraft:glass_bottle":34,"spartanweaponry:saber_iron":1,"minecraft:iron_sword":1,"minecraft:mossy_stone_brick_stairs":2,"minecraft:book":3,"minecraft:spruce_sapling":2,"minecraft:white_bed":1,"minecraft:spruce_log":23,"minecraft:spruce_door":1,"minecraft:spider_eye":7,"minecraft:mossy_cobblestone":1,"minecraft:dark_prismarine":5,"travelersbackpack:standard":2,"minecraft:light_blue_terracotta":2,"minecraft:golden_apple":1,"minecraft:bread":1,"mmorpg:stat_soul/stat_soul":12,"minecraft:coal":28},"minecraft:killed_by":{"aoa3:bomb_carrier":1,"minecraft:stray":2,"minecraft:skeleton":1,"minecraft:witch":1,"minecraft:zombie":2,"aoa3:snow_charger":2,"iceandfire:ghost":6,"aoa3:yeti":1,"duneons:frozenzombie":1},"minecraft:mined":{"minecraft:dark_prismarine_stairs":8,"minecraft:dark_prismarine":5,"minecraft:spruce_planks":9,"minecraft:white_bed":1,"minecraft:mossy_cobblestone":1,"minecraft:cobblestone_stairs":1,"gravestone:gravestone":16,"minecraft:grass_block":7,"minecraft:brick_stairs":2,"minecraft:spruce_leaves":3,"minecraft:spawner":16,"minecraft:mossy_stone_brick_stairs":2,"minecraft:bookshelf":1,"minecraft:potatoes":44,"minecraft:vine":1,"minecraft:iron_bars":10,"minecraft:stone":78,"minecraft:brown_mushroom":1,"minecraft:red_bed":1,"tetra:scroll_rolled":3,"minecraft:spruce_door":1,"minecraft:polished_granite":1,"travelersbackpack:standard":1,"minecraft:crafting_table":6,"minecraft:torch":1,"minecraft:poppy":2,"minecraft:tall_grass":2,"minecraft:cobblestone":16,"minecraft:bricks":11,"minecraft:wall_torch":4,"minecraft:blue_bed":1,"minecraft:white_terracotta":2,"minecraft:light_blue_terracotta":2,"minecraft:coarse_dirt":1,"minecraft:stripped_spruce_wood":6,"minecraft:blue_ice":1,"minecraft:ice":4,"minecraft:spruce_log":24,"minecraft:stone_brick_stairs":3,"minecraft:wither_rose":2,"minecraft:grass":5,"minecraft:coal_ore":25,"minecraft:dirt":40,"minecraft:cracked_stone_bricks":5,"ars_nouveau:arcane_ore":1,"minecraft:stone_bricks":4,"minecraft:fern":1},"minecraft:broken":{"minecraft:stone_sword":1,"minecraft:leather_leggings":2,"minecraft:leather_chestplate":1,"minecraft:wooden_pickaxe":2,"mmorpg:weapon/staff/iron":1,"minecraft:shield":2,"minecraft:wooden_sword":3,"minecraft:leather_boots":2,"minecraft:iron_sword":1,"minecraft:wooden_axe":1},"minecraft:killed":{"iceandfire:hippogryph":1,"minecraft:cave_spider":1,"minecraft:spider":17,"aoa3:snow_charger":5,"minecraft:skeleton":13,"aoa3:yeti":10,"duneons:frozenzombie":1,"minecraft:zombie_villager":2,"aoa3:night_reaper":1,"minecraft:bat":1,"dungeonsmod:pice":2,"aoa3:bugeye":1,"minecraft:zombie":31,"iceandfire:ghost":2,"minecraft:stray":3,"minecraft:wither_skeleton":1}},"DataVersion":2586}