{"stats":{"minecraft:killed_by":{"aoa3:snow_charger":1},"minecraft:crafted":{"minecraft:wooden_sword":2,"minecraft:crafting_table":1,"minecraft:stick":16,"minecraft:spruce_planks":44,"minecraft:wooden_pickaxe":1,"minecraft:wooden_axe":2},"minecraft:custom":{"minecraft:time_since_rest":10677,"minecraft:sprint_one_cm":27763,"minecraft:damage_absorbed":314,"minecraft:damage_taken":1267,"minecraft:walk_one_cm":100283,"minecraft:mob_kills":12,"minecraft:drop":1,"minecraft:damage_dealt":3450,"minecraft:interact_with_crafting_table":4,"minecraft:fly_one_cm":46546,"minecraft:open_chest":2,"minecraft:crouch_one_cm":606,"minecraft:play_one_minute":26586,"minecraft:deaths":1,"minecraft:sneak_time":314,"minecraft:walk_under_water_one_cm":1448,"minecraft:jump":348,"minecraft:leave_game":1,"minecraft:time_since_death":10641,"minecraft:walk_on_water_one_cm":5689,"minecraft:climb_one_cm":3958,"minecraft:fall_one_cm":8044},"minecraft:killed":{"minecraft:zombie":2,"aoa3:yeti":6,"minecraft:spider":4},"minecraft:mined":{"minecraft:dark_prismarine_stairs":8,"minecraft:dark_prismarine":5,"minecraft:ice":4,"minecraft:blue_ice":1,"minecraft:spruce_log":12,"minecraft:crafting_table":1,"gravestone:gravestone":1,"minecraft:spruce_leaves":2},"minecraft:dropped":{"gravestone:obituary":1},"minecraft:broken":{"minecraft:wooden_axe":1,"mmorpg:weapon/staff/iron":1,"minecraft:wooden_sword":1},"minecraft:picked_up":{"minecraft:crafting_table":1,"aoa3:copper_coin":2,"minecraft:enchanted_book":2,"mysticalworld:silkworm_egg":1,"minecraft:spruce_log":11,"minecraft:string":1,"minecraft:spider_eye":1,"mmorpg:ingredient/crystal_beryl":3,"minecraft:dark_prismarine":5,"minecraft:rotten_flesh":1,"ars_nouveau:worn_notebook":1,"minecraft:dark_prismarine_stairs":8},"minecraft:used":{"minecraft:dark_prismarine":5,"minecraft:wooden_axe":38,"minecraft:map":1,"minecraft:wooden_pickaxe":16,"mmorpg:weapon/staff/iron":4,"minecraft:wooden_sword":65,"minecraft:crafting_table":2,"minecraft:dark_prismarine_stairs":1}},"DataVersion":2586}