{"stats":{"minecraft:mined":{"minecraft:dark_prismarine_stairs":8,"minecraft:dark_prismarine":5,"minecraft:spruce_planks":5,"tetra:scroll_rolled":3,"minecraft:crafting_table":4,"gravestone:gravestone":6,"minecraft:grass_block":2,"minecraft:cobblestone":6,"minecraft:spruce_leaves":2,"minecraft:wall_torch":2,"minecraft:spawner":2,"minecraft:blue_ice":1,"minecraft:ice":4,"minecraft:spruce_log":24,"minecraft:bookshelf":1,"minecraft:coal_ore":25,"minecraft:iron_bars":2,"ars_nouveau:arcane_ore":1},"minecraft:broken":{"mmorpg:weapon/staff/iron":1,"minecraft:wooden_sword":2,"minecraft:wooden_axe":1},"minecraft:picked_up":{"minecraft:wooden_axe":1,"mmorpg:ingredient/ender_cream":3,"minecraft:crafting_table":4,"aoa3:copper_coin":2,"minecraft:potion":7,"minecraft:enchanted_book":2,"ars_nouveau:wilden_wing":1,"gravestone:obituary":2,"minecraft:gunpowder":2,"mmorpg:ingredient/crystal_beryl":3,"minecraft:dirt":2,"minecraft:string":1,"minecraft:wooden_sword":2,"tetra:scroll_rolled":3,"minecraft:bone":4,"minecraft:bow":2,"minecraft:cracked_stone_bricks":1,"mmorpg:loot_crate/default":1,"minecraft:dark_prismarine_stairs":8,"minecraft:spruce_planks":8,"minecraft:glass_bottle":14,"minecraft:sugar_cane":5,"minecraft:book":3,"minecraft:tipped_arrow":1,"minecraft:stick":2,"minecraft:torch":1,"mysticalworld:silkworm_egg":1,"minecraft:spruce_sapling":2,"minecraft:spruce_log":23,"minecraft:spider_eye":1,"minecraft:dark_prismarine":5,"minecraft:arrow":1,"minecraft:rotten_flesh":4,"ars_nouveau:worn_notebook":1,"mmorpg:stat_soul/stat_soul":2,"minecraft:iron_bars":4,"minecraft:coal":25,"minecraft:cobblestone":6},"minecraft:used":{"minecraft:stone_sword":46,"minecraft:glass_bottle":8,"minecraft:wooden_pickaxe":55,"minecraft:spruce_planks":21,"minecraft:shield":9,"minecraft:torch":16,"minecraft:golden_apple":1,"minecraft:dirt":2,"minecraft:crafting_table":5,"tetra:scroll_rolled":3,"minecraft:dark_prismarine":5,"minecraft:wooden_axe":59,"minecraft:apple":3,"minecraft:map":1,"mmorpg:weapon/staff/iron":4,"minecraft:wooden_sword":150,"minecraft:potion":9,"minecraft:cooked_beef":1,"minecraft:dark_prismarine_stairs":1},"minecraft:custom":{"minecraft:mob_kills":23,"minecraft:interact_with_crafting_table":15,"minecraft:play_one_minute":108948,"minecraft:leave_game":3,"minecraft:time_since_death":11268,"minecraft:sleep_in_bed":1,"minecraft:climb_one_cm":3958,"minecraft:time_since_rest":13793,"minecraft:sprint_one_cm":197045,"minecraft:damage_absorbed":1496,"minecraft:damage_taken":4222,"minecraft:walk_one_cm":296650,"minecraft:damage_blocked_by_shield":402,"minecraft:drop":28,"minecraft:damage_dealt":6063,"minecraft:fly_one_cm":175695,"minecraft:open_chest":51,"minecraft:crouch_one_cm":2050,"minecraft:deaths":6,"minecraft:sneak_time":1156,"minecraft:walk_under_water_one_cm":2599,"minecraft:interact_with_lectern":1,"minecraft:jump":1036,"minecraft:walk_on_water_one_cm":7975,"minecraft:fall_one_cm":22349},"minecraft:dropped":{"minecraft:iron_nugget":2,"minecraft:cooked_beef":2,"minecraft:glass_bottle":8,"minecraft:rotten_flesh":1,"minecraft:cracked_stone_bricks":1,"minecraft:shield":1,"minecraft:gunpowder":2,"minecraft:wooden_axe":1,"gravestone:obituary":8,"minecraft:wooden_sword":2,"minecraft:bow":1},"minecraft:killed":{"minecraft:spider":4,"minecraft:skeleton":1,"minecraft:zombie":9,"ars_nouveau:wilden_stalker":1,"aoa3:yeti":6,"minecraft:stray":2},"minecraft:killed_by":{"aoa3:bomb_carrier":1,"minecraft:stray":1,"minecraft:zombie":2,"aoa3:snow_charger":2},"minecraft:crafted":{"minecraft:wooden_sword":4,"minecraft:crafting_table":1,"minecraft:spruce_planks":92,"minecraft:wooden_pickaxe":1,"minecraft:iron_sword":1,"ars_nouveau:novice_spell_book":1,"minecraft:shield":2,"minecraft:iron_axe":1,"minecraft:stick":44,"minecraft:iron_ingot":2,"minecraft:iron_pickaxe":1,"minecraft:wooden_axe":2,"minecraft:stone_sword":1,"minecraft:torch":32}},"DataVersion":2586}