{"stats":{"minecraft:broken":{"minecraft:stone_sword":1,"minecraft:leather_leggings":1,"minecraft:leather_chestplate":1,"minecraft:wooden_pickaxe":2,"mmorpg:weapon/staff/iron":1,"minecraft:shield":1,"minecraft:wooden_sword":3,"minecraft:leather_boots":1,"minecraft:wooden_axe":1},"minecraft:picked_up":{"minecraft:wooden_axe":1,"mmorpg:ingredient/ender_cream":6,"minecraft:crafting_table":5,"minecraft:coarse_dirt":1,"aoa3:ice_crystal":1,"iceandfire:witherbone":2,"aoa3:copper_coin":8,"minecraft:leather_leggings":1,"minecraft:brown_mushroom":2,"minecraft:wooden_pickaxe":1,"minecraft:wither_rose":2,"minecraft:potion":8,"minecraft:enchanted_book":2,"minecraft:stone_brick_stairs":3,"gravestone:obituary":3,"minecraft:string":11,"minecraft:red_bed":1,"minecraft:wooden_sword":2,"minecraft:cracked_stone_bricks":2,"mmorpg:loot_crate/default":4,"minecraft:dark_prismarine_stairs":8,"minecraft:spruce_planks":12,"aoa3:raw_charger_shank":4,"minecraft:iron_nugget":1,"minecraft:poppy":2,"minecraft:sugar_cane":5,"minecraft:tipped_arrow":1,"minecraft:stick":5,"minecraft:torch":24,"minecraft:bowl":1,"mysticalworld:silkworm_egg":1,"minecraft:tnt":2,"minecraft:stone_sword":1,"minecraft:arrow":18,"minecraft:rotten_flesh":28,"mysticalworld:aubergine_seeds":1,"mmorpg:ingredient/guardian_scales":3,"minecraft:white_terracotta":1,"minecraft:iron_bars":16,"minecraft:cobblestone":105,"minecraft:feather":8,"minecraft:cooked_beef":2,"minecraft:water_bucket":1,"minecraft:leather":2,"minecraft:potato":147,"minecraft:ice":3,"mmorpg:ingredient/crystal_blue_rock":2,"minecraft:stripped_spruce_wood":6,"minecraft:gunpowder":2,"mmorpg:ingredient/crystal_beryl":3,"mmorpg:ingredient/ectoplasm":2,"minecraft:dirt":46,"minecraft:blue_bed":1,"minecraft:leather_boots":1,"minecraft:bone":20,"tetra:scroll_rolled":3,"minecraft:stone_bricks":1,"minecraft:bow":3,"aoa3:tea_seeds":1,"minecraft:glass_bottle":34,"spartanweaponry:saber_iron":1,"minecraft:iron_sword":1,"minecraft:mossy_stone_brick_stairs":2,"minecraft:book":3,"minecraft:spruce_sapling":2,"minecraft:white_bed":1,"minecraft:spruce_log":23,"minecraft:spruce_door":1,"minecraft:spider_eye":3,"minecraft:mossy_cobblestone":1,"minecraft:dark_prismarine":5,"minecraft:light_blue_terracotta":2,"minecraft:golden_apple":1,"minecraft:bread":1,"mmorpg:stat_soul/stat_soul":9,"minecraft:coal":28},"minecraft:killed_by":{"aoa3:bomb_carrier":1,"minecraft:stray":2,"minecraft:skeleton":1,"minecraft:zombie":2,"aoa3:snow_charger":2,"iceandfire:ghost":6,"aoa3:yeti":1,"duneons:frozenzombie":1},"minecraft:crafted":{"minecraft:wooden_sword":5,"minecraft:bone_meal":75,"aoa3:cooked_charger_shank":4,"minecraft:iron_axe":1,"minecraft:crafting_table":2,"minecraft:spruce_planks":116,"minecraft:baked_potato":62,"minecraft:wooden_pickaxe":5,"minecraft:iron_sword":3,"minecraft:wooden_hoe":1,"minecraft:shield":3,"minecraft:stick":56,"minecraft:iron_ingot":2,"minecraft:iron_pickaxe":1,"minecraft:wooden_axe":2,"minecraft:stone_sword":1,"minecraft:torch":64},"minecraft:killed":{"iceandfire:hippogryph":1,"minecraft:spider":10,"aoa3:snow_charger":4,"minecraft:skeleton":12,"aoa3:yeti":9,"duneons:frozenzombie":1,"minecraft:zombie_villager":2,"aoa3:night_reaper":1,"minecraft:bat":1,"dungeonsmod:pice":2,"minecraft:zombie":28,"iceandfire:ghost":2,"minecraft:stray":2,"minecraft:wither_skeleton":1},"minecraft:used":{"minecraft:stone_sword":132,"minecraft:iron_bars":2,"aoa3:cooked_charger_shank":4,"minecraft:spruce_planks":52,"minecraft:shield":155,"minecraft:iron_sword":264,"aoa3:raw_charger_shank":1,"minecraft:torch":36,"minecraft:dirt":36,"minecraft:carrot":7,"tetra:scroll_rolled":3,"minecraft:wooden_axe":59,"minecraft:cooked_beef":4,"minecraft:potato":109,"minecraft:dark_prismarine_stairs":1,"minecraft:water_bucket":15,"minecraft:spruce_door":1,"minecraft:stone_pickaxe":13,"minecraft:glass_bottle":40,"minecraft:baked_potato":9,"minecraft:wooden_pickaxe":198,"minecraft:golden_apple":2,"minecraft:crafting_table":6,"minecraft:red_bed":1,"minecraft:dark_prismarine":5,"minecraft:wooden_hoe":21,"minecraft:apple":3,"minecraft:bread":1,"minecraft:map":1,"mmorpg:weapon/staff/iron":4,"spartanweaponry:saber_iron":23,"minecraft:cobblestone":6,"minecraft:wooden_sword":184,"minecraft:potion":45,"minecraft:bucket":14,"minecraft:ice":3,"minecraft:wither_rose":1,"minecraft:bone_meal":75},"minecraft:dropped":{"minecraft:iron_sword":1,"minecraft:brown_mushroom":2,"mysticalworld:aubergine_seeds":1,"minecraft:cooked_beef":2,"minecraft:mossy_cobblestone":1,"minecraft:glass_bottle":18,"mmorpg:stat_soul/stat_soul":1,"minecraft:feather":2,"minecraft:cobblestone":67,"minecraft:cracked_stone_bricks":2,"minecraft:golden_apple":1,"minecraft:stick":23,"minecraft:dirt":2,"minecraft:wooden_axe":1,"mmorpg:ingredient/ectoplasm":2,"minecraft:potion":1,"gravestone:obituary":19,"minecraft:wooden_sword":2,"minecraft:string":8,"minecraft:bone":5,"minecraft:iron_nugget":2,"minecraft:coarse_dirt":1,"minecraft:stone_sword":1,"minecraft:bowl":1,"minecraft:rotten_flesh":3,"minecraft:shield":1,"mmorpg:gems/ruby/0":1,"minecraft:gunpowder":2,"minecraft:iron_bars":6,"minecraft:bow":1,"minecraft:wooden_pickaxe":1,"mmorpg:gems/amethyst/0":1},"minecraft:mined":{"minecraft:dark_prismarine_stairs":8,"minecraft:dark_prismarine":5,"minecraft:spruce_planks":9,"minecraft:white_bed":1,"minecraft:mossy_cobblestone":1,"minecraft:cobblestone_stairs":1,"gravestone:gravestone":15,"minecraft:grass_block":7,"minecraft:brick_stairs":2,"minecraft:spruce_leaves":2,"minecraft:spawner":16,"minecraft:mossy_stone_brick_stairs":2,"minecraft:bookshelf":1,"minecraft:potatoes":44,"minecraft:vine":1,"minecraft:iron_bars":10,"minecraft:stone":78,"minecraft:brown_mushroom":1,"minecraft:red_bed":1,"tetra:scroll_rolled":3,"minecraft:spruce_door":1,"minecraft:polished_granite":1,"minecraft:crafting_table":5,"minecraft:poppy":2,"minecraft:tall_grass":2,"minecraft:cobblestone":16,"minecraft:bricks":11,"minecraft:blue_bed":1,"minecraft:wall_torch":4,"minecraft:white_terracotta":2,"minecraft:light_blue_terracotta":2,"minecraft:coarse_dirt":1,"minecraft:stripped_spruce_wood":6,"minecraft:blue_ice":1,"minecraft:ice":4,"minecraft:spruce_log":24,"minecraft:wither_rose":2,"minecraft:stone_brick_stairs":3,"minecraft:grass":5,"minecraft:coal_ore":25,"minecraft:dirt":37,"minecraft:cracked_stone_bricks":5,"ars_nouveau:arcane_ore":1,"minecraft:stone_bricks":4,"minecraft:fern":1},"minecraft:custom":{"minecraft:mob_kills":88,"minecraft:interact_with_crafting_table":28,"minecraft:leave_game":7,"minecraft:time_since_death":9561,"minecraft:climb_one_cm":7029,"minecraft:sprint_one_cm":652161,"minecraft:walk_one_cm":969712,"minecraft:damage_blocked_by_shield":5056,"minecraft:drop":86,"minecraft:deaths":16,"minecraft:sneak_time":1614,"minecraft:walk_under_water_one_cm":2599,"minecraft:interact_with_lectern":1,"minecraft:jump":3361,"minecraft:walk_on_water_one_cm":9510,"minecraft:interact_with_furnace":18,"minecraft:play_one_minute":285877,"minecraft:sleep_in_bed":2,"minecraft:time_since_rest":9607,"minecraft:damage_taken":14778,"minecraft:damage_absorbed":6055,"minecraft:trigger_trapped_chest":2,"minecraft:damage_dealt":20966,"minecraft:fly_one_cm":731361,"minecraft:open_chest":106,"minecraft:crouch_one_cm":2054,"minecraft:fall_one_cm":77248}},"DataVersion":2586}