{"stats":{"minecraft:broken":{"mmorpg:weapon/staff/iron":1,"minecraft:stone_sword":1,"minecraft:wooden_sword":2,"minecraft:leather_leggings":1,"minecraft:wooden_axe":1,"minecraft:leather_chestplate":1,"minecraft:wooden_pickaxe":2},"minecraft:picked_up":{"minecraft:wooden_axe":1,"mmorpg:ingredient/ender_cream":3,"minecraft:crafting_table":4,"minecraft:feather":1,"iceandfire:witherbone":2,"minecraft:cooked_beef":2,"aoa3:copper_coin":2,"minecraft:leather_leggings":1,"minecraft:ice":1,"minecraft:potion":8,"minecraft:enchanted_book":2,"gravestone:obituary":2,"minecraft:gunpowder":2,"mmorpg:ingredient/crystal_beryl":3,"minecraft:dirt":2,"minecraft:string":9,"minecraft:wooden_sword":2,"minecraft:bone":9,"tetra:scroll_rolled":3,"minecraft:bow":2,"minecraft:cracked_stone_bricks":2,"mmorpg:loot_crate/default":2,"minecraft:dark_prismarine_stairs":8,"minecraft:spruce_planks":10,"aoa3:raw_charger_shank":1,"minecraft:glass_bottle":14,"spartanweaponry:saber_iron":1,"minecraft:sugar_cane":5,"minecraft:book":3,"minecraft:tipped_arrow":1,"minecraft:stick":5,"minecraft:torch":22,"minecraft:bowl":1,"mysticalworld:silkworm_egg":1,"minecraft:spruce_sapling":2,"minecraft:spruce_log":23,"minecraft:spider_eye":1,"minecraft:dark_prismarine":5,"minecraft:tnt":2,"minecraft:stone_sword":1,"minecraft:arrow":1,"minecraft:rotten_flesh":6,"mmorpg:ingredient/guardian_scales":3,"minecraft:bread":1,"mmorpg:stat_soul/stat_soul":2,"minecraft:iron_bars":10,"minecraft:coal":26,"minecraft:cobblestone":37},"minecraft:killed_by":{"aoa3:bomb_carrier":1,"minecraft:stray":2,"minecraft:zombie":2,"aoa3:snow_charger":2,"duneons:frozenzombie":1},"minecraft:crafted":{"minecraft:wooden_sword":4,"minecraft:crafting_table":1,"minecraft:spruce_planks":92,"minecraft:wooden_pickaxe":4,"minecraft:iron_sword":2,"minecraft:shield":2,"minecraft:iron_axe":1,"minecraft:stick":44,"minecraft:iron_ingot":2,"minecraft:iron_pickaxe":1,"minecraft:wooden_axe":2,"minecraft:stone_sword":1,"minecraft:torch":32},"minecraft:killed":{"duneons:frozenzombie":1,"minecraft:spider":6,"minecraft:bat":1,"dungeonsmod:pice":1,"aoa3:snow_charger":1,"minecraft:skeleton":1,"minecraft:zombie":16,"aoa3:yeti":7,"minecraft:stray":2,"minecraft:wither_skeleton":1},"minecraft:used":{"minecraft:stone_sword":132,"minecraft:glass_bottle":8,"minecraft:wooden_pickaxe":130,"minecraft:spruce_planks":52,"minecraft:shield":44,"minecraft:iron_sword":30,"aoa3:raw_charger_shank":1,"minecraft:torch":21,"minecraft:golden_apple":1,"minecraft:dirt":2,"minecraft:crafting_table":5,"minecraft:carrot":7,"tetra:scroll_rolled":3,"minecraft:dark_prismarine":5,"minecraft:wooden_axe":59,"minecraft:apple":3,"minecraft:bread":1,"minecraft:map":1,"mmorpg:weapon/staff/iron":4,"spartanweaponry:saber_iron":2,"minecraft:potion":15,"minecraft:wooden_sword":151,"minecraft:cobblestone":1,"minecraft:cooked_beef":4,"minecraft:dark_prismarine_stairs":1},"minecraft:dropped":{"minecraft:iron_nugget":2,"minecraft:cooked_beef":2,"minecraft:stone_sword":1,"minecraft:glass_bottle":8,"minecraft:bowl":1,"minecraft:rotten_flesh":3,"minecraft:cobblestone":64,"minecraft:cracked_stone_bricks":2,"minecraft:stick":23,"minecraft:shield":1,"mmorpg:gems/ruby/0":1,"minecraft:gunpowder":2,"minecraft:wooden_axe":1,"gravestone:obituary":10,"minecraft:wooden_sword":2,"minecraft:iron_bars":6,"minecraft:bow":1,"minecraft:string":8,"minecraft:bone":5},"minecraft:mined":{"minecraft:dark_prismarine_stairs":8,"minecraft:dark_prismarine":5,"minecraft:spruce_planks":7,"tetra:scroll_rolled":3,"minecraft:cobblestone_stairs":1,"minecraft:polished_granite":1,"minecraft:crafting_table":4,"gravestone:gravestone":8,"minecraft:grass_block":2,"minecraft:brick_stairs":2,"minecraft:cobblestone":13,"minecraft:spruce_leaves":2,"minecraft:bricks":11,"minecraft:wall_torch":4,"minecraft:spawner":8,"minecraft:blue_ice":1,"minecraft:ice":4,"minecraft:spruce_log":24,"minecraft:grass":2,"minecraft:bookshelf":1,"minecraft:coal_ore":25,"minecraft:iron_bars":4,"minecraft:cracked_stone_bricks":4,"minecraft:stone":33,"minecraft:stone_bricks":4,"ars_nouveau:arcane_ore":1},"minecraft:custom":{"minecraft:mob_kills":46,"minecraft:interact_with_crafting_table":21,"minecraft:play_one_minute":165815,"minecraft:leave_game":4,"minecraft:time_since_death":24575,"minecraft:sleep_in_bed":1,"minecraft:climb_one_cm":3958,"minecraft:time_since_rest":24636,"minecraft:sprint_one_cm":335443,"minecraft:damage_absorbed":2463,"minecraft:damage_taken":6270,"minecraft:walk_one_cm":425861,"minecraft:damage_blocked_by_shield":1717,"minecraft:drop":49,"minecraft:damage_dealt":9695,"minecraft:fly_one_cm":226344,"minecraft:open_chest":62,"minecraft:crouch_one_cm":2054,"minecraft:deaths":8,"minecraft:sneak_time":1614,"minecraft:walk_under_water_one_cm":2599,"minecraft:interact_with_lectern":1,"minecraft:jump":1315,"minecraft:walk_on_water_one_cm":8670,"minecraft:fall_one_cm":26020}},"DataVersion":2586}