{"stats":{"minecraft:broken":{"minecraft:stone_sword":1,"minecraft:leather_leggings":1,"minecraft:leather_chestplate":1,"minecraft:wooden_pickaxe":2,"mmorpg:weapon/staff/iron":1,"minecraft:shield":1,"minecraft:wooden_sword":3,"minecraft:wooden_axe":1},"minecraft:picked_up":{"minecraft:wooden_axe":1,"mmorpg:ingredient/ender_cream":3,"minecraft:crafting_table":5,"minecraft:coarse_dirt":1,"aoa3:ice_crystal":1,"iceandfire:witherbone":2,"aoa3:copper_coin":8,"minecraft:leather_leggings":1,"minecraft:brown_mushroom":2,"minecraft:wither_rose":1,"minecraft:potion":8,"minecraft:enchanted_book":2,"gravestone:obituary":3,"minecraft:string":9,"minecraft:red_bed":1,"minecraft:wooden_sword":2,"minecraft:cracked_stone_bricks":2,"mmorpg:loot_crate/default":3,"minecraft:dark_prismarine_stairs":8,"minecraft:spruce_planks":12,"aoa3:raw_charger_shank":4,"minecraft:sugar_cane":5,"minecraft:tipped_arrow":1,"minecraft:stick":5,"minecraft:torch":23,"minecraft:bowl":1,"mysticalworld:silkworm_egg":1,"minecraft:tnt":2,"minecraft:stone_sword":1,"minecraft:arrow":1,"minecraft:rotten_flesh":9,"mysticalworld:aubergine_seeds":1,"mmorpg:ingredient/guardian_scales":3,"minecraft:iron_bars":10,"minecraft:cobblestone":73,"minecraft:feather":8,"minecraft:cooked_beef":2,"minecraft:water_bucket":1,"minecraft:leather":2,"minecraft:potato":2,"minecraft:ice":3,"minecraft:stripped_spruce_wood":6,"minecraft:gunpowder":2,"mmorpg:ingredient/crystal_beryl":3,"mmorpg:ingredient/ectoplasm":2,"minecraft:dirt":40,"minecraft:blue_bed":1,"minecraft:bone":10,"tetra:scroll_rolled":3,"minecraft:bow":2,"aoa3:tea_seeds":1,"minecraft:glass_bottle":15,"spartanweaponry:saber_iron":1,"minecraft:book":3,"minecraft:spruce_sapling":2,"minecraft:white_bed":1,"minecraft:spruce_log":23,"minecraft:spruce_door":1,"minecraft:spider_eye":1,"minecraft:mossy_cobblestone":1,"minecraft:dark_prismarine":5,"minecraft:bread":1,"mmorpg:stat_soul/stat_soul":3,"minecraft:coal":26},"minecraft:killed_by":{"aoa3:bomb_carrier":1,"minecraft:stray":2,"minecraft:zombie":2,"aoa3:snow_charger":2,"iceandfire:ghost":6,"aoa3:yeti":1,"duneons:frozenzombie":1},"minecraft:crafted":{"minecraft:wooden_sword":5,"minecraft:iron_axe":1,"minecraft:crafting_table":2,"minecraft:spruce_planks":116,"minecraft:baked_potato":3,"minecraft:wooden_pickaxe":5,"minecraft:iron_sword":3,"minecraft:wooden_hoe":1,"minecraft:shield":3,"minecraft:stick":56,"minecraft:iron_ingot":2,"minecraft:iron_pickaxe":1,"minecraft:wooden_axe":2,"minecraft:stone_sword":1,"minecraft:torch":32},"minecraft:killed":{"iceandfire:hippogryph":1,"minecraft:spider":6,"aoa3:snow_charger":4,"minecraft:skeleton":1,"aoa3:yeti":9,"duneons:frozenzombie":1,"minecraft:bat":1,"dungeonsmod:pice":2,"minecraft:zombie":21,"iceandfire:ghost":2,"minecraft:stray":2,"minecraft:wither_skeleton":1},"minecraft:used":{"minecraft:stone_sword":132,"minecraft:spruce_planks":52,"minecraft:shield":81,"minecraft:iron_sword":82,"aoa3:raw_charger_shank":1,"minecraft:torch":21,"minecraft:dirt":25,"minecraft:carrot":7,"tetra:scroll_rolled":3,"minecraft:wooden_axe":59,"minecraft:cooked_beef":4,"minecraft:potato":12,"minecraft:dark_prismarine_stairs":1,"minecraft:water_bucket":15,"minecraft:spruce_door":1,"minecraft:glass_bottle":17,"minecraft:baked_potato":2,"minecraft:wooden_pickaxe":171,"minecraft:golden_apple":1,"minecraft:crafting_table":6,"minecraft:red_bed":1,"minecraft:dark_prismarine":5,"minecraft:wooden_hoe":21,"minecraft:apple":3,"minecraft:bread":1,"minecraft:map":1,"mmorpg:weapon/staff/iron":4,"spartanweaponry:saber_iron":23,"minecraft:wooden_sword":184,"minecraft:cobblestone":5,"minecraft:potion":23,"minecraft:bucket":14,"minecraft:ice":3,"minecraft:wither_rose":1},"minecraft:dropped":{"minecraft:brown_mushroom":2,"mysticalworld:aubergine_seeds":1,"minecraft:cooked_beef":2,"minecraft:mossy_cobblestone":1,"minecraft:glass_bottle":8,"mmorpg:stat_soul/stat_soul":1,"minecraft:feather":2,"minecraft:cobblestone":67,"minecraft:cracked_stone_bricks":2,"minecraft:stick":23,"minecraft:dirt":1,"minecraft:wooden_axe":1,"mmorpg:ingredient/ectoplasm":2,"gravestone:obituary":18,"minecraft:wooden_sword":2,"minecraft:string":8,"minecraft:bone":5,"minecraft:iron_nugget":2,"minecraft:coarse_dirt":1,"minecraft:stone_sword":1,"minecraft:bowl":1,"minecraft:rotten_flesh":3,"minecraft:shield":1,"mmorpg:gems/ruby/0":1,"minecraft:gunpowder":2,"minecraft:iron_bars":6,"minecraft:bow":1,"mmorpg:gems/amethyst/0":1},"minecraft:mined":{"minecraft:dark_prismarine_stairs":8,"minecraft:dark_prismarine":5,"minecraft:spruce_planks":9,"minecraft:white_bed":1,"minecraft:mossy_cobblestone":1,"minecraft:cobblestone_stairs":1,"gravestone:gravestone":14,"minecraft:grass_block":4,"minecraft:brick_stairs":2,"minecraft:spruce_leaves":2,"minecraft:spawner":8,"minecraft:bookshelf":1,"minecraft:potatoes":1,"minecraft:vine":1,"minecraft:iron_bars":4,"minecraft:stone":62,"minecraft:brown_mushroom":1,"minecraft:red_bed":1,"tetra:scroll_rolled":3,"minecraft:spruce_door":1,"minecraft:polished_granite":1,"minecraft:crafting_table":5,"minecraft:tall_grass":2,"minecraft:cobblestone":16,"minecraft:bricks":11,"minecraft:blue_bed":1,"minecraft:wall_torch":4,"minecraft:coarse_dirt":1,"minecraft:stripped_spruce_wood":6,"minecraft:blue_ice":1,"minecraft:ice":4,"minecraft:spruce_log":24,"minecraft:wither_rose":1,"minecraft:grass":4,"minecraft:coal_ore":25,"minecraft:dirt":35,"minecraft:cracked_stone_bricks":5,"ars_nouveau:arcane_ore":1,"minecraft:stone_bricks":4,"minecraft:fern":1},"minecraft:custom":{"minecraft:mob_kills":59,"minecraft:interact_with_crafting_table":25,"minecraft:leave_game":6,"minecraft:time_since_death":5501,"minecraft:climb_one_cm":5597,"minecraft:sprint_one_cm":459611,"minecraft:walk_one_cm":607533,"minecraft:damage_blocked_by_shield":2283,"minecraft:drop":70,"minecraft:deaths":15,"minecraft:sneak_time":1614,"minecraft:walk_under_water_one_cm":2599,"minecraft:interact_with_lectern":1,"minecraft:jump":2266,"minecraft:walk_on_water_one_cm":9510,"minecraft:interact_with_furnace":8,"minecraft:play_one_minute":218963,"minecraft:sleep_in_bed":2,"minecraft:time_since_rest":6493,"minecraft:damage_taken":10993,"minecraft:damage_absorbed":4624,"minecraft:trigger_trapped_chest":2,"minecraft:damage_dealt":14097,"minecraft:fly_one_cm":489780,"minecraft:open_chest":76,"minecraft:crouch_one_cm":2054,"minecraft:fall_one_cm":36807}},"DataVersion":2586}