{"stats":{"minecraft:killed_by":{"minecraft:stray":1,"aoa3:snow_charger":1},"minecraft:crafted":{"minecraft:wooden_sword":2,"minecraft:crafting_table":1,"minecraft:stick":16,"minecraft:spruce_planks":44,"minecraft:wooden_pickaxe":1,"minecraft:wooden_axe":2},"minecraft:custom":{"minecraft:time_since_rest":3928,"minecraft:sprint_one_cm":63692,"minecraft:damage_absorbed":407,"minecraft:damage_taken":1545,"minecraft:walk_one_cm":127236,"minecraft:mob_kills":14,"minecraft:drop":2,"minecraft:damage_dealt":3751,"minecraft:interact_with_crafting_table":4,"minecraft:fly_one_cm":90574,"minecraft:open_chest":2,"minecraft:crouch_one_cm":606,"minecraft:play_one_minute":34608,"minecraft:deaths":2,"minecraft:sneak_time":314,"minecraft:walk_under_water_one_cm":2131,"minecraft:jump":571,"minecraft:leave_game":2,"minecraft:time_since_death":3812,"minecraft:walk_on_water_one_cm":7790,"minecraft:climb_one_cm":3958,"minecraft:fall_one_cm":13917},"minecraft:killed":{"minecraft:zombie":3,"ars_nouveau:wilden_stalker":1,"aoa3:yeti":6,"minecraft:spider":4},"minecraft:mined":{"minecraft:dark_prismarine_stairs":8,"minecraft:dark_prismarine":5,"minecraft:ice":4,"minecraft:blue_ice":1,"minecraft:spruce_log":18,"minecraft:crafting_table":2,"gravestone:gravestone":2,"minecraft:grass_block":2,"minecraft:spruce_leaves":2},"minecraft:dropped":{"gravestone:obituary":2},"minecraft:broken":{"minecraft:wooden_axe":1,"mmorpg:weapon/staff/iron":1,"minecraft:wooden_sword":1},"minecraft:used":{"minecraft:dark_prismarine":5,"minecraft:wooden_axe":45,"minecraft:map":1,"minecraft:wooden_pickaxe":16,"mmorpg:weapon/staff/iron":4,"minecraft:wooden_sword":77,"minecraft:crafting_table":2,"minecraft:dark_prismarine_stairs":1},"minecraft:picked_up":{"minecraft:stick":2,"minecraft:crafting_table":2,"aoa3:copper_coin":2,"ars_nouveau:wilden_wing":1,"minecraft:enchanted_book":2,"mysticalworld:silkworm_egg":1,"minecraft:spruce_sapling":1,"minecraft:spruce_log":17,"minecraft:dirt":2,"minecraft:string":1,"minecraft:spider_eye":1,"mmorpg:ingredient/crystal_beryl":3,"minecraft:dark_prismarine":5,"minecraft:rotten_flesh":3,"ars_nouveau:worn_notebook":1,"minecraft:dark_prismarine_stairs":8,"minecraft:sugar_cane":5}},"DataVersion":2586}