{"stats":{"minecraft:crafted":{"minecraft:wooden_sword":1,"minecraft:crafting_table":1,"minecraft:spruce_planks":20,"minecraft:stick":8,"minecraft:wooden_axe":1},"minecraft:custom":{"minecraft:time_since_rest":14586,"minecraft:play_one_minute":14586,"minecraft:crouch_one_cm":531,"minecraft:sprint_one_cm":13119,"minecraft:walk_one_cm":68024,"minecraft:damage_taken":777,"minecraft:damage_absorbed":176,"minecraft:sneak_time":280,"minecraft:mob_kills":10,"minecraft:jump":185,"minecraft:damage_dealt":2795,"minecraft:walk_on_water_one_cm":847,"minecraft:leave_game":1,"minecraft:time_since_death":14586,"minecraft:interact_with_crafting_table":2,"minecraft:fall_one_cm":4182,"minecraft:fly_one_cm":26743},"minecraft:mined":{"minecraft:spruce_log":6,"minecraft:crafting_table":1},"minecraft:killed":{"minecraft:spider":4,"minecraft:zombie":1,"aoa3:yeti":5},"minecraft:broken":{"mmorpg:weapon/staff/iron":1},"minecraft:used":{"minecraft:wooden_axe":16,"minecraft:wooden_sword":58,"minecraft:crafting_table":1,"mmorpg:weapon/staff/iron":4},"minecraft:picked_up":{"minecraft:crafting_table":1,"aoa3:copper_coin":2,"minecraft:rotten_flesh":1,"ars_nouveau:worn_notebook":1,"minecraft:enchanted_book":2,"minecraft:spruce_log":5,"mmorpg:ingredient/crystal_beryl":3,"minecraft:spider_eye":1,"minecraft:string":1}},"DataVersion":2586}