{"stats":{"minecraft:broken":{"minecraft:stone_sword":1,"minecraft:leather_leggings":1,"minecraft:leather_chestplate":1,"minecraft:wooden_pickaxe":2,"mmorpg:weapon/staff/iron":1,"minecraft:wooden_sword":2,"minecraft:wooden_axe":1},"minecraft:picked_up":{"minecraft:wooden_axe":1,"mmorpg:ingredient/ender_cream":3,"minecraft:crafting_table":4,"aoa3:copper_coin":2,"iceandfire:witherbone":2,"minecraft:leather_leggings":1,"minecraft:enchanted_book":2,"minecraft:potion":8,"gravestone:obituary":2,"minecraft:string":9,"minecraft:red_bed":1,"minecraft:wooden_sword":2,"mmorpg:loot_crate/default":3,"minecraft:cracked_stone_bricks":2,"minecraft:spruce_planks":12,"minecraft:dark_prismarine_stairs":8,"aoa3:raw_charger_shank":1,"minecraft:sugar_cane":5,"minecraft:tipped_arrow":1,"minecraft:stick":5,"minecraft:torch":23,"minecraft:bowl":1,"mysticalworld:silkworm_egg":1,"minecraft:tnt":2,"minecraft:stone_sword":1,"minecraft:arrow":1,"minecraft:rotten_flesh":9,"mmorpg:ingredient/guardian_scales":3,"minecraft:iron_bars":10,"minecraft:cobblestone":62,"minecraft:feather":1,"minecraft:cooked_beef":2,"minecraft:water_bucket":1,"minecraft:ice":3,"minecraft:gunpowder":2,"minecraft:dirt":22,"mmorpg:ingredient/crystal_beryl":3,"minecraft:blue_bed":1,"tetra:scroll_rolled":3,"minecraft:bone":9,"minecraft:bow":2,"minecraft:glass_bottle":14,"spartanweaponry:saber_iron":1,"minecraft:book":3,"minecraft:spruce_sapling":2,"minecraft:white_bed":1,"minecraft:spruce_log":23,"minecraft:spider_eye":1,"minecraft:dark_prismarine":5,"minecraft:bread":1,"mmorpg:stat_soul/stat_soul":2,"minecraft:coal":26},"minecraft:killed_by":{"aoa3:bomb_carrier":1,"minecraft:stray":2,"minecraft:zombie":2,"aoa3:snow_charger":2,"duneons:frozenzombie":1},"minecraft:crafted":{"minecraft:wooden_sword":4,"minecraft:iron_axe":1,"minecraft:crafting_table":1,"minecraft:spruce_planks":92,"minecraft:wooden_pickaxe":4,"minecraft:baked_potato":3,"minecraft:iron_sword":2,"minecraft:shield":2,"minecraft:stick":48,"minecraft:iron_ingot":2,"minecraft:iron_pickaxe":1,"minecraft:wooden_axe":2,"minecraft:stone_sword":1,"minecraft:torch":32},"minecraft:killed":{"minecraft:spider":6,"aoa3:snow_charger":1,"minecraft:skeleton":1,"aoa3:yeti":7,"duneons:frozenzombie":1,"minecraft:bat":1,"dungeonsmod:pice":2,"minecraft:zombie":21,"minecraft:stray":2,"minecraft:wither_skeleton":1},"minecraft:used":{"minecraft:stone_sword":132,"minecraft:spruce_planks":52,"minecraft:shield":44,"minecraft:iron_sword":53,"aoa3:raw_charger_shank":1,"minecraft:torch":21,"minecraft:dirt":22,"minecraft:carrot":7,"tetra:scroll_rolled":3,"minecraft:wooden_axe":59,"minecraft:cooked_beef":4,"minecraft:dark_prismarine_stairs":1,"minecraft:water_bucket":4,"minecraft:glass_bottle":8,"minecraft:baked_potato":2,"minecraft:wooden_pickaxe":155,"minecraft:golden_apple":1,"minecraft:crafting_table":5,"minecraft:red_bed":1,"minecraft:dark_prismarine":5,"minecraft:apple":3,"minecraft:bread":1,"minecraft:map":1,"mmorpg:weapon/staff/iron":4,"spartanweaponry:saber_iron":23,"minecraft:wooden_sword":151,"minecraft:cobblestone":1,"minecraft:potion":15,"minecraft:bucket":3,"minecraft:ice":3},"minecraft:dropped":{"minecraft:cooked_beef":2,"minecraft:glass_bottle":8,"minecraft:feather":1,"minecraft:cobblestone":64,"minecraft:cracked_stone_bricks":2,"minecraft:stick":23,"minecraft:wooden_axe":1,"gravestone:obituary":10,"minecraft:wooden_sword":2,"minecraft:string":8,"minecraft:bone":5,"minecraft:iron_nugget":2,"minecraft:stone_sword":1,"minecraft:bowl":1,"minecraft:rotten_flesh":3,"minecraft:shield":1,"minecraft:gunpowder":2,"mmorpg:gems/ruby/0":1,"minecraft:iron_bars":6,"minecraft:bow":1,"mmorpg:gems/amethyst/0":1},"minecraft:mined":{"minecraft:dark_prismarine_stairs":8,"minecraft:dark_prismarine":5,"minecraft:spruce_planks":9,"minecraft:white_bed":1,"minecraft:cobblestone_stairs":1,"gravestone:gravestone":8,"minecraft:grass_block":2,"minecraft:brick_stairs":2,"minecraft:spruce_leaves":2,"minecraft:spawner":8,"minecraft:bookshelf":1,"minecraft:iron_bars":4,"minecraft:stone":58,"minecraft:red_bed":1,"tetra:scroll_rolled":3,"minecraft:polished_granite":1,"minecraft:crafting_table":4,"minecraft:cobblestone":13,"minecraft:bricks":11,"minecraft:wall_torch":4,"minecraft:blue_bed":1,"minecraft:ice":4,"minecraft:blue_ice":1,"minecraft:spruce_log":24,"minecraft:grass":2,"minecraft:coal_ore":25,"minecraft:dirt":20,"minecraft:cracked_stone_bricks":4,"ars_nouveau:arcane_ore":1,"minecraft:stone_bricks":4},"minecraft:custom":{"minecraft:mob_kills":51,"minecraft:interact_with_crafting_table":22,"minecraft:leave_game":4,"minecraft:time_since_death":36575,"minecraft:climb_one_cm":3958,"minecraft:sprint_one_cm":343149,"minecraft:walk_one_cm":475823,"minecraft:damage_blocked_by_shield":1717,"minecraft:drop":51,"minecraft:deaths":8,"minecraft:sneak_time":1614,"minecraft:walk_under_water_one_cm":2599,"minecraft:interact_with_lectern":1,"minecraft:jump":1467,"minecraft:walk_on_water_one_cm":8670,"minecraft:interact_with_furnace":3,"minecraft:play_one_minute":177815,"minecraft:sleep_in_bed":2,"minecraft:time_since_rest":5687,"minecraft:damage_taken":7210,"minecraft:damage_absorbed":2964,"minecraft:damage_dealt":11069,"minecraft:fly_one_cm":249745,"minecraft:open_chest":67,"minecraft:crouch_one_cm":2054,"minecraft:fall_one_cm":26647}},"DataVersion":2586}