{"stats":{"minecraft:mined":{"minecraft:dark_prismarine_stairs":8,"minecraft:dark_prismarine":5,"minecraft:spruce_planks":5,"tetra:scroll_rolled":3,"minecraft:cobblestone_stairs":1,"minecraft:polished_granite":1,"minecraft:crafting_table":4,"gravestone:gravestone":8,"minecraft:grass_block":2,"minecraft:brick_stairs":2,"minecraft:cobblestone":13,"minecraft:spruce_leaves":2,"minecraft:bricks":11,"minecraft:wall_torch":4,"minecraft:spawner":6,"minecraft:blue_ice":1,"minecraft:ice":4,"minecraft:spruce_log":24,"minecraft:bookshelf":1,"minecraft:coal_ore":25,"minecraft:iron_bars":4,"minecraft:cracked_stone_bricks":4,"minecraft:stone_bricks":4,"minecraft:stone":33,"ars_nouveau:arcane_ore":1},"minecraft:broken":{"mmorpg:weapon/staff/iron":1,"minecraft:wooden_sword":2,"minecraft:wooden_axe":1,"minecraft:wooden_pickaxe":1},"minecraft:picked_up":{"minecraft:wooden_axe":1,"mmorpg:ingredient/ender_cream":3,"minecraft:crafting_table":4,"iceandfire:witherbone":2,"minecraft:cooked_beef":2,"aoa3:copper_coin":2,"minecraft:leather_leggings":1,"minecraft:potion":8,"minecraft:enchanted_book":2,"ars_nouveau:wilden_wing":1,"gravestone:obituary":2,"minecraft:gunpowder":2,"mmorpg:ingredient/crystal_beryl":3,"minecraft:dirt":2,"minecraft:string":3,"minecraft:wooden_sword":2,"tetra:scroll_rolled":3,"minecraft:bone":9,"minecraft:bow":2,"minecraft:cracked_stone_bricks":2,"mmorpg:loot_crate/default":1,"minecraft:dark_prismarine_stairs":8,"minecraft:spruce_planks":8,"minecraft:glass_bottle":14,"minecraft:sugar_cane":5,"minecraft:book":3,"minecraft:tipped_arrow":1,"minecraft:stick":5,"minecraft:torch":13,"minecraft:bowl":1,"ars_nouveau:novice_spell_book":3,"mysticalworld:silkworm_egg":1,"minecraft:spruce_sapling":2,"minecraft:spruce_log":23,"minecraft:spider_eye":1,"minecraft:dark_prismarine":5,"minecraft:stone_sword":1,"minecraft:arrow":1,"minecraft:rotten_flesh":6,"ars_nouveau:worn_notebook":1,"mmorpg:ingredient/guardian_scales":3,"minecraft:bread":1,"mmorpg:stat_soul/stat_soul":2,"minecraft:iron_bars":10,"minecraft:coal":26,"minecraft:cobblestone":37},"minecraft:used":{"minecraft:stone_sword":122,"minecraft:glass_bottle":8,"minecraft:wooden_pickaxe":126,"minecraft:spruce_planks":21,"minecraft:shield":38,"minecraft:iron_sword":9,"minecraft:torch":20,"minecraft:golden_apple":1,"minecraft:dirt":2,"minecraft:crafting_table":5,"tetra:scroll_rolled":3,"minecraft:dark_prismarine":5,"minecraft:wooden_axe":59,"minecraft:apple":3,"minecraft:map":1,"mmorpg:weapon/staff/iron":4,"minecraft:wooden_sword":151,"minecraft:cobblestone":1,"minecraft:potion":15,"minecraft:cooked_beef":4,"minecraft:dark_prismarine_stairs":1},"minecraft:custom":{"minecraft:mob_kills":40,"minecraft:interact_with_crafting_table":20,"minecraft:play_one_minute":149060,"minecraft:leave_game":4,"minecraft:time_since_death":7820,"minecraft:sleep_in_bed":1,"minecraft:climb_one_cm":3958,"minecraft:time_since_rest":7881,"minecraft:sprint_one_cm":304237,"minecraft:damage_absorbed":1907,"minecraft:damage_taken":5125,"minecraft:walk_one_cm":387694,"minecraft:damage_blocked_by_shield":1517,"minecraft:drop":43,"minecraft:damage_dealt":7752,"minecraft:fly_one_cm":191002,"minecraft:open_chest":62,"minecraft:crouch_one_cm":2054,"minecraft:deaths":8,"minecraft:sneak_time":1614,"minecraft:walk_under_water_one_cm":2599,"minecraft:interact_with_lectern":1,"minecraft:jump":1147,"minecraft:walk_on_water_one_cm":7975,"minecraft:fall_one_cm":23671},"minecraft:dropped":{"ars_nouveau:novice_spell_book":2,"minecraft:iron_nugget":2,"minecraft:cooked_beef":2,"minecraft:stone_sword":1,"minecraft:bowl":1,"minecraft:glass_bottle":8,"minecraft:cobblestone":64,"minecraft:rotten_flesh":3,"minecraft:cracked_stone_bricks":2,"minecraft:shield":1,"minecraft:gunpowder":2,"minecraft:wooden_axe":1,"gravestone:obituary":10,"minecraft:wooden_sword":2,"minecraft:iron_bars":6,"minecraft:bow":1,"minecraft:string":2,"minecraft:bone":5},"minecraft:killed":{"minecraft:spider":5,"minecraft:skeleton":1,"minecraft:zombie":16,"ars_nouveau:wilden_stalker":1,"aoa3:yeti":6,"minecraft:stray":2,"minecraft:wither_skeleton":1},"minecraft:killed_by":{"aoa3:bomb_carrier":1,"minecraft:stray":2,"minecraft:zombie":2,"aoa3:snow_charger":2,"duneons:frozenzombie":1},"minecraft:crafted":{"minecraft:wooden_sword":4,"minecraft:crafting_table":1,"minecraft:spruce_planks":92,"minecraft:wooden_pickaxe":4,"minecraft:iron_sword":2,"ars_nouveau:novice_spell_book":1,"minecraft:shield":2,"minecraft:iron_axe":1,"minecraft:stick":44,"minecraft:iron_ingot":2,"minecraft:iron_pickaxe":1,"minecraft:wooden_axe":2,"minecraft:stone_sword":1,"minecraft:torch":32}},"DataVersion":2586}