{"stats":{"minecraft:mined":{"minecraft:dark_prismarine_stairs":8,"minecraft:dark_prismarine":5,"minecraft:spruce_planks":5,"tetra:scroll_rolled":3,"minecraft:cobblestone_stairs":1,"minecraft:polished_granite":1,"minecraft:crafting_table":4,"gravestone:gravestone":7,"minecraft:grass_block":2,"minecraft:brick_stairs":2,"minecraft:cobblestone":13,"minecraft:spruce_leaves":2,"minecraft:bricks":11,"minecraft:wall_torch":4,"minecraft:spawner":5,"minecraft:blue_ice":1,"minecraft:ice":4,"minecraft:spruce_log":24,"minecraft:bookshelf":1,"minecraft:coal_ore":25,"minecraft:iron_bars":3,"minecraft:cracked_stone_bricks":4,"minecraft:stone_bricks":4,"minecraft:stone":33,"ars_nouveau:arcane_ore":1},"minecraft:broken":{"mmorpg:weapon/staff/iron":1,"minecraft:wooden_sword":2,"minecraft:wooden_axe":1,"minecraft:wooden_pickaxe":1},"minecraft:picked_up":{"minecraft:wooden_axe":1,"mmorpg:ingredient/ender_cream":3,"minecraft:crafting_table":4,"minecraft:cooked_beef":2,"aoa3:copper_coin":2,"minecraft:leather_leggings":1,"minecraft:potion":8,"minecraft:enchanted_book":2,"ars_nouveau:wilden_wing":1,"gravestone:obituary":2,"minecraft:gunpowder":2,"mmorpg:ingredient/crystal_beryl":3,"minecraft:dirt":2,"minecraft:string":1,"minecraft:wooden_sword":2,"tetra:scroll_rolled":3,"minecraft:bone":4,"minecraft:bow":2,"minecraft:cracked_stone_bricks":1,"mmorpg:loot_crate/default":1,"minecraft:dark_prismarine_stairs":8,"minecraft:spruce_planks":8,"minecraft:glass_bottle":14,"minecraft:sugar_cane":5,"minecraft:book":3,"minecraft:tipped_arrow":1,"minecraft:stick":2,"minecraft:torch":9,"ars_nouveau:novice_spell_book":3,"mysticalworld:silkworm_egg":1,"minecraft:spruce_sapling":2,"minecraft:spruce_log":23,"minecraft:spider_eye":1,"minecraft:dark_prismarine":5,"minecraft:arrow":1,"minecraft:rotten_flesh":6,"ars_nouveau:worn_notebook":1,"minecraft:bread":1,"mmorpg:stat_soul/stat_soul":2,"minecraft:iron_bars":6,"minecraft:coal":25,"minecraft:cobblestone":37},"minecraft:used":{"minecraft:stone_sword":63,"minecraft:glass_bottle":8,"minecraft:wooden_pickaxe":124,"minecraft:spruce_planks":21,"minecraft:shield":18,"minecraft:torch":16,"minecraft:golden_apple":1,"minecraft:dirt":2,"minecraft:crafting_table":5,"tetra:scroll_rolled":3,"minecraft:dark_prismarine":5,"minecraft:wooden_axe":59,"minecraft:apple":3,"minecraft:map":1,"mmorpg:weapon/staff/iron":4,"minecraft:wooden_sword":151,"minecraft:cobblestone":1,"minecraft:potion":9,"minecraft:cooked_beef":4,"minecraft:dark_prismarine_stairs":1},"minecraft:custom":{"minecraft:mob_kills":25,"minecraft:interact_with_crafting_table":17,"minecraft:play_one_minute":132948,"minecraft:leave_game":3,"minecraft:time_since_death":12014,"minecraft:sleep_in_bed":1,"minecraft:climb_one_cm":3958,"minecraft:time_since_rest":12090,"minecraft:sprint_one_cm":272159,"minecraft:damage_absorbed":1706,"minecraft:damage_taken":4661,"minecraft:walk_one_cm":349979,"minecraft:damage_blocked_by_shield":679,"minecraft:drop":35,"minecraft:damage_dealt":6543,"minecraft:fly_one_cm":184432,"minecraft:open_chest":57,"minecraft:crouch_one_cm":2054,"minecraft:deaths":7,"minecraft:sneak_time":1614,"minecraft:walk_under_water_one_cm":2599,"minecraft:interact_with_lectern":1,"minecraft:jump":1113,"minecraft:walk_on_water_one_cm":7975,"minecraft:fall_one_cm":23460},"minecraft:dropped":{"ars_nouveau:novice_spell_book":2,"minecraft:iron_nugget":2,"minecraft:cooked_beef":2,"minecraft:glass_bottle":8,"minecraft:rotten_flesh":3,"minecraft:cracked_stone_bricks":1,"minecraft:shield":1,"minecraft:gunpowder":2,"minecraft:wooden_axe":1,"gravestone:obituary":9,"minecraft:wooden_sword":2,"minecraft:iron_bars":4,"minecraft:bow":1},"minecraft:killed":{"minecraft:spider":5,"minecraft:skeleton":1,"minecraft:zombie":10,"ars_nouveau:wilden_stalker":1,"aoa3:yeti":6,"minecraft:stray":2},"minecraft:killed_by":{"aoa3:bomb_carrier":1,"minecraft:stray":1,"minecraft:zombie":2,"aoa3:snow_charger":2,"duneons:frozenzombie":1},"minecraft:crafted":{"minecraft:wooden_sword":4,"minecraft:crafting_table":1,"minecraft:spruce_planks":92,"minecraft:wooden_pickaxe":2,"minecraft:iron_sword":1,"ars_nouveau:novice_spell_book":1,"minecraft:shield":2,"minecraft:iron_axe":1,"minecraft:stick":44,"minecraft:iron_ingot":2,"minecraft:iron_pickaxe":1,"minecraft:wooden_axe":2,"minecraft:stone_sword":1,"minecraft:torch":32}},"DataVersion":2586}