{"stats":{"minecraft:custom":{"minecraft:time_since_rest":23009,"minecraft:interact_with_furnace":1,"minecraft:sprint_one_cm":84335,"minecraft:walk_one_cm":87931,"minecraft:damage_taken":1327,"minecraft:damage_absorbed":329,"minecraft:damage_dealt":64,"minecraft:interact_with_crafting_table":3,"minecraft:fly_one_cm":95879,"minecraft:crouch_one_cm":1597,"minecraft:play_one_minute":49921,"minecraft:deaths":4,"minecraft:sneak_time":1112,"minecraft:jump":418,"minecraft:leave_game":5,"minecraft:time_since_death":19028,"minecraft:fall_one_cm":10036},"minecraft:used":{"minecraft:dirt":5,"minecraft:crafting_table":2},"minecraft:killed_by":{"ars_nouveau:wilden_stalker":1,"aoa3:yeti":2,"minecraft:creeper":1},"minecraft:mined":{"minecraft:white_bed":2,"minecraft:stripped_spruce_wood":1,"minecraft:stripped_spruce_log":3,"minecraft:grass_path":2,"gravestone:gravestone":1,"minecraft:grass":42,"minecraft:grass_block":13,"minecraft:poppy":1,"minecraft:gravel":2,"minecraft:dirt":5},"minecraft:picked_up":{"aoa3:copper_coin":7,"minecraft:andesite":4,"minecraft:wooden_pickaxe":1,"minecraft:gravel":2,"aoa3:scrap_metal":1,"minecraft:stripped_spruce_wood":1,"minecraft:stripped_spruce_log":3,"minecraft:spruce_log":1,"minecraft:white_bed":2,"ars_nouveau:wilden_horn":1,"minecraft:string":4,"minecraft:spider_eye":1,"minecraft:dirt":17,"minecraft:wheat_seeds":1,"ars_nouveau:worn_notebook":1,"mysticalworld:aubergine_seeds":4,"minecraft:poppy":1,"mmorpg:stat_soul/stat_soul":1,"minecraft:cobblestone":1},"minecraft:crafted":{"minecraft:crafting_table":2,"minecraft:spruce_planks":20,"minecraft:stick":8}},"DataVersion":2586}