{"stats":{"minecraft:mined":{"minecraft:white_bed":2,"iceandfire:dread_torch":1,"minecraft:crafting_table":1,"minecraft:torch":1,"gravestone:gravestone":3,"minecraft:granite":11,"minecraft:grass_block":29,"minecraft:poppy":1,"iceandfire:dread_spawner":1,"minecraft:cobblestone":8,"minecraft:diorite":3,"minecraft:blue_bed":1,"minecraft:furnace":1,"minecraft:stripped_spruce_wood":17,"minecraft:snow":3,"minecraft:ice":4,"minecraft:andesite":27,"minecraft:stripped_spruce_log":18,"minecraft:grass_path":30,"minecraft:grass":50,"minecraft:bookshelf":1,"minecraft:coal_ore":57,"minecraft:iron_bars":2,"minecraft:gravel":2,"minecraft:sand":16,"minecraft:dirt":8,"minecraft:stone":572},"minecraft:broken":{"minecraft:stone_pickaxe":1,"minecraft:wooden_shovel":1,"minecraft:wooden_sword":1,"minecraft:wooden_pickaxe":10},"minecraft:picked_up":{"aoa3:ice_crystal":3,"minecraft:crafting_table":1,"minecraft:feather":3,"aoa3:copper_coin":27,"minecraft:andesite":33,"minecraft:wooden_pickaxe":1,"minecraft:flint":4,"minecraft:stripped_spruce_wood":17,"minecraft:blue_bed":1,"minecraft:dirt":64,"minecraft:string":5,"aoa3:cooked_charger_shank":1,"minecraft:wooden_sword":1,"minecraft:wheat_seeds":1,"aoa3:raw_charger_shank":5,"minecraft:beef":3,"iceandfire:dread_shard":3,"minecraft:poppy":1,"minecraft:furnace":1,"minecraft:book":3,"minecraft:stick":3,"minecraft:torch":1,"minecraft:gravel":2,"minecraft:sand":13,"aoa3:scrap_metal":2,"minecraft:stripped_spruce_log":19,"minecraft:diorite":3,"minecraft:spruce_log":1,"minecraft:white_bed":2,"ars_nouveau:wilden_horn":1,"minecraft:spider_eye":2,"ars_nouveau:worn_notebook":1,"mysticalworld:aubergine_seeds":4,"minecraft:granite":11,"mmorpg:stat_soul/stat_soul":2,"minecraft:iron_bars":2,"minecraft:mutton":3,"minecraft:coal":58,"minecraft:snowball":3,"minecraft:white_wool":4,"minecraft:cobblestone":573},"minecraft:used":{"minecraft:cooked_mutton":3,"aoa3:cooked_charger_shank":2,"minecraft:glass_bottle":30,"minecraft:stone_pickaxe":60,"ars_nouveau:mana_berry":2,"minecraft:chest":6,"minecraft:spruce_planks":14,"minecraft:wooden_pickaxe":640,"aoa3:raw_charger_shank":1,"minecraft:blue_bed":1,"minecraft:wooden_shovel":59,"minecraft:white_wool":2,"minecraft:torch":28,"minecraft:dirt":5,"minecraft:crafting_table":3,"aoa3:carved_rune_of_direction":1,"minecraft:carrot":1,"minecraft:white_bed":2,"minecraft:wooden_axe":23,"minecraft:packed_ice":1,"minecraft:wooden_sword":78,"minecraft:cobblestone":130,"minecraft:potion":29,"minecraft:furnace":8,"minecraft:cooked_beef":3,"minecraft:potato":5},"minecraft:custom":{"minecraft:interact_with_furnace":26,"minecraft:mob_kills":13,"minecraft:interact_with_crafting_table":34,"minecraft:play_one_minute":160507,"minecraft:leave_game":7,"minecraft:time_since_death":23015,"minecraft:sleep_in_bed":4,"minecraft:time_since_rest":4854,"minecraft:sprint_one_cm":280671,"minecraft:damage_absorbed":798,"minecraft:damage_taken":3147,"minecraft:walk_one_cm":440699,"minecraft:drop":4,"minecraft:damage_dealt":2845,"minecraft:fly_one_cm":286492,"minecraft:talked_to_villager":1,"minecraft:open_chest":23,"minecraft:crouch_one_cm":37423,"minecraft:deaths":6,"minecraft:sneak_time":18983,"minecraft:walk_under_water_one_cm":9262,"minecraft:interact_with_lectern":1,"minecraft:jump":1768,"minecraft:walk_on_water_one_cm":1976,"minecraft:fall_one_cm":22859},"minecraft:dropped":{"minecraft:feather":1,"minecraft:stick":3,"minecraft:string":1,"minecraft:white_wool":2},"minecraft:killed":{"minecraft:spider":1,"aoa3:void_walker":1,"aoa3:bomb_carrier":1,"aoa3:snow_charger":4,"minecraft:sheep":2,"minecraft:skeleton":1,"aoa3:yeti":2,"minecraft:cow":2},"minecraft:killed_by":{"iceandfire:dread_scuttler":1,"minecraft:creeper":1,"ars_nouveau:wilden_stalker":1,"aoa3:yeti":2,"iceandfire:dread_knight":1},"minecraft:crafted":{"minecraft:cooked_beef":3,"minecraft:glass_bottle":3,"minecraft:wooden_sword":1,"minecraft:wooden_shovel":2,"minecraft:crafting_table":2,"minecraft:spruce_planks":148,"minecraft:wooden_pickaxe":10,"minecraft:furnace":8,"minecraft:cooked_mutton":3,"minecraft:air":0,"aoa3:cooked_charger_shank":2,"minecraft:glass":13,"minecraft:stick":40,"minecraft:stone_pickaxe":2,"minecraft:wooden_axe":1,"minecraft:chest":6,"minecraft:torch":24}},"DataVersion":2586}