{"stats":{"minecraft:picked_up":{"minecraft:wooden_axe":1,"minecraft:crafting_table":1,"aoa3:ice_crystal":3,"iceandfire:witherbone":1,"minecraft:chainmail_boots":1,"aoa3:copper_coin":30,"minecraft:wooden_pickaxe":1,"minecraft:potion":1,"minecraft:enchanted_book":1,"minecraft:stone_brick_stairs":2,"gravestone:obituary":2,"travelersbackpack:spider":4,"minecraft:shield":1,"minecraft:string":10,"aoa3:cooked_charger_shank":1,"minecraft:wooden_sword":2,"ars_nouveau:mana_gem":2,"mmorpg:loot_crate/default":1,"minecraft:cracked_stone_bricks":4,"minecraft:spruce_planks":4,"minecraft:beef":3,"aoa3:raw_charger_shank":5,"iceandfire:dread_shard":3,"minecraft:wooden_shovel":1,"minecraft:poppy":1,"minecraft:iron_boots":1,"minecraft:furnace":1,"minecraft:stick":3,"minecraft:torch":3,"minecraft:bowl":2,"minecraft:diorite":3,"minecraft:carrot":3,"minecraft:golden_chestplate":1,"minecraft:arrow":4,"minecraft:rotten_flesh":23,"mmorpg:ingredient/redstone_crystal":1,"ars_nouveau:worn_notebook":1,"mysticalworld:aubergine_seeds":4,"minecraft:mutton":3,"minecraft:iron_bars":16,"minecraft:snowball":3,"minecraft:white_wool":4,"minecraft:cobblestone":581,"minecraft:lime_bed":2,"minecraft:feather":5,"minecraft:cooked_beef":2,"minecraft:andesite":33,"minecraft:potato":3,"minecraft:flint":4,"minecraft:stripped_spruce_wood":17,"minecraft:golden_boots":1,"minecraft:gunpowder":3,"minecraft:dirt":65,"minecraft:blue_bed":1,"minecraft:bone":5,"minecraft:stone_bricks":6,"minecraft:wheat_seeds":1,"minecraft:stone_pickaxe":1,"minecraft:glass_bottle":1,"mmorpg:ingredient/bolete_mushroom":2,"minecraft:book":3,"ars_nouveau:novice_spell_book":1,"minecraft:gravel":2,"minecraft:sand":13,"aoa3:scrap_metal":2,"minecraft:stripped_spruce_log":19,"minecraft:white_bed":2,"minecraft:spruce_log":1,"ars_nouveau:wilden_horn":1,"minecraft:spider_eye":2,"minecraft:mossy_cobblestone":1,"minecraft:granite":11,"mmorpg:stat_soul/stat_soul":3,"minecraft:coal":59},"minecraft:killed_by":{"iceandfire:dread_scuttler":1,"minecraft:creeper":1,"ars_nouveau:wilden_stalker":1,"iceandfire:dread_knight":1,"minecraft:zombie":3,"aoa3:yeti":2},"minecraft:custom":{"minecraft:mob_kills":58,"minecraft:interact_with_crafting_table":44,"minecraft:leave_game":10,"minecraft:time_since_death":2303,"minecraft:sprint_one_cm":637822,"minecraft:walk_one_cm":737654,"minecraft:damage_blocked_by_shield":2238,"minecraft:drop":50,"minecraft:talked_to_villager":1,"minecraft:deaths":9,"minecraft:sneak_time":20955,"minecraft:walk_under_water_one_cm":9652,"minecraft:interact_with_lectern":1,"minecraft:jump":2464,"minecraft:walk_on_water_one_cm":7091,"minecraft:interact_with_furnace":26,"minecraft:play_one_minute":266241,"minecraft:sleep_in_bed":4,"minecraft:time_since_rest":2331,"minecraft:damage_taken":7622,"minecraft:damage_absorbed":2294,"minecraft:damage_dealt":12493,"minecraft:fly_one_cm":349449,"minecraft:open_chest":101,"minecraft:crouch_one_cm":38790,"minecraft:fall_one_cm":26463},"minecraft:killed":{"minecraft:cave_spider":1,"minecraft:spider":7,"aoa3:snow_charger":4,"minecraft:skeleton":3,"aoa3:ghost":1,"aoa3:yeti":2,"aoa3:void_walker":2,"aoa3:bomb_carrier":1,"minecraft:creeper":1,"minecraft:sheep":2,"minecraft:zombie":23,"minecraft:stray":5,"minecraft:wither_skeleton":3,"minecraft:cow":2},"minecraft:mined":{"minecraft:spruce_planks":7,"minecraft:white_bed":2,"minecraft:mossy_cobblestone":4,"iceandfire:dread_torch":1,"gravestone:gravestone":6,"minecraft:granite":11,"minecraft:grass_block":29,"iceandfire:dread_spawner":1,"minecraft:spawner":8,"minecraft:furnace":1,"minecraft:carrots":1,"minecraft:mossy_cobblestone_stairs":3,"minecraft:snow":3,"minecraft:andesite":27,"minecraft:stripped_spruce_log":18,"minecraft:mossy_stone_brick_stairs":3,"minecraft:bookshelf":1,"minecraft:iron_bars":16,"minecraft:stone":576,"minecraft:crafting_table":1,"minecraft:torch":1,"minecraft:poppy":1,"minecraft:cobblestone":8,"minecraft:diorite":7,"minecraft:blue_bed":1,"minecraft:lime_bed":1,"minecraft:stripped_spruce_wood":17,"minecraft:ice":4,"minecraft:stone_brick_stairs":6,"minecraft:grass_path":30,"minecraft:grass":50,"minecraft:coal_ore":57,"minecraft:gravel":2,"minecraft:sand":16,"minecraft:dirt":9,"minecraft:cracked_stone_bricks":8,"ars_nouveau:arcane_ore":1,"minecraft:stone_bricks":2,"minecraft:mossy_stone_bricks":5},"minecraft:used":{"minecraft:stone_sword":335,"aoa3:cooked_charger_shank":2,"ars_nouveau:mana_berry":2,"minecraft:chest":6,"minecraft:spruce_planks":34,"minecraft:shield":47,"minecraft:wooden_shovel":62,"aoa3:raw_charger_shank":1,"minecraft:rotten_flesh":3,"minecraft:torch":68,"minecraft:dirt":7,"minecraft:carrot":8,"minecraft:wooden_axe":44,"minecraft:packed_ice":1,"minecraft:furnace":8,"minecraft:egg":4,"minecraft:cooked_beef":11,"minecraft:potato":5,"travelersbackpack:spider":8,"minecraft:cooked_mutton":3,"minecraft:glass_bottle":50,"minecraft:stone_pickaxe":141,"minecraft:baked_potato":7,"minecraft:wooden_pickaxe":640,"minecraft:blue_bed":1,"minecraft:white_wool":2,"minecraft:crafting_table":5,"aoa3:carved_rune_of_direction":1,"minecraft:white_bed":2,"minecraft:stone_axe":66,"minecraft:wooden_sword":129,"minecraft:cobblestone":130,"minecraft:potion":44},"minecraft:crafted":{"minecraft:wooden_sword":1,"minecraft:furnace":8,"minecraft:cooked_mutton":3,"aoa3:cooked_charger_shank":2,"minecraft:glass":13,"minecraft:stone_pickaxe":2,"minecraft:chest":6,"minecraft:golden_boots":1,"minecraft:cooked_beef":3,"minecraft:glass_bottle":3,"minecraft:wooden_shovel":2,"minecraft:crafting_table":4,"minecraft:spruce_planks":148,"minecraft:wooden_pickaxe":10,"minecraft:air":0,"minecraft:golden_leggings":1,"minecraft:stick":48,"minecraft:wooden_axe":1,"minecraft:stone_sword":3,"minecraft:torch":36},"minecraft:broken":{"minecraft:leather_helmet":1,"minecraft:wooden_shovel":1,"minecraft:stone_sword":2,"minecraft:wooden_pickaxe":10,"minecraft:stone_pickaxe":1,"minecraft:wooden_sword":2,"minecraft:stone_axe":1,"minecraft:wooden_axe":1},"minecraft:dropped":{"ars_nouveau:novice_spell_book":1,"minecraft:cooked_beef":2,"minecraft:ender_pearl":1,"minecraft:feather":3,"minecraft:cobblestone":64,"minecraft:coal":1,"aoa3:ice_crystal":3,"minecraft:stick":3,"minecraft:wooden_axe":1,"minecraft:snowball":3,"minecraft:potion":7,"gravestone:obituary":3,"minecraft:wooden_sword":1,"minecraft:string":4,"minecraft:white_wool":2,"iceandfire:dread_shard":6,"minecraft:bone":2,"minecraft:furnace":1,"minecraft:golden_chestplate":1,"minecraft:bowl":2,"iceandfire:witherbone":1,"minecraft:rotten_flesh":10,"minecraft:iron_boots":1,"mmorpg:ingredient/bolete_mushroom":1,"minecraft:gunpowder":4,"minecraft:wooden_shovel":1,"iceandfire:troll_leather_frost":3,"minecraft:stone_bricks":3,"minecraft:iron_bars":6,"minecraft:arrow":4,"minecraft:stone_pickaxe":1,"minecraft:stone_brick_stairs":1}},"DataVersion":2586}