{"stats":{"minecraft:crafted":{"minecraft:cooked_mutton":3,"minecraft:glass":13,"minecraft:iron_boots":1,"minecraft:chest":10,"minecraft:golden_boots":1,"minecraft:glass_bottle":3,"minecraft:wooden_shovel":2,"minecraft:crafting_table":5,"minecraft:spruce_planks":152,"minecraft:wooden_pickaxe":10,"minecraft:iron_helmet":1,"minecraft:iron_chestplate":1,"minecraft:golden_leggings":1,"minecraft:stick":60,"minecraft:iron_ingot":45,"minecraft:iron_pickaxe":1,"minecraft:stone_sword":6,"minecraft:wooden_sword":1,"minecraft:furnace":8,"minecraft:bone_meal":6,"aoa3:cooked_charger_shank":2,"minecraft:stone_pickaxe":2,"minecraft:cooked_beef":3,"minecraft:iron_sword":4,"spartanweaponry:handle":4,"spartanweaponry:saber_iron":4,"minecraft:air":0,"minecraft:wooden_axe":1,"minecraft:iron_leggings":1,"minecraft:torch":36},"minecraft:used":{"minecraft:chest":10,"minecraft:shield":204,"minecraft:iron_sword":747,"minecraft:rotten_flesh":6,"minecraft:carrot":8,"minecraft:packed_ice":1,"minecraft:bow":3,"minecraft:furnace":8,"minecraft:cooked_cod":9,"minecraft:egg":4,"minecraft:potato":29,"travelersbackpack:spider":16,"minecraft:mossy_stone_bricks":6,"minecraft:diorite":1,"minecraft:stone_pickaxe":444,"minecraft:wooden_pickaxe":640,"minecraft:blue_bed":1,"minecraft:white_wool":2,"minecraft:golden_apple":3,"aoa3:carved_rune_of_direction":1,"minecraft:gravel":1,"spartanweaponry:saber_iron":466,"minecraft:wooden_sword":129,"minecraft:ice":1,"minecraft:bone_meal":6,"minecraft:iron_bars":2,"minecraft:stone_sword":665,"aoa3:cooked_charger_shank":2,"minecraft:spruce_planks":34,"aoa3:raw_charger_shank":1,"minecraft:wooden_shovel":62,"minecraft:torch":82,"minecraft:dirt":7,"minecraft:nether_brick_stairs":1,"minecraft:wooden_axe":44,"minecraft:cooked_beef":20,"minecraft:cooked_mutton":3,"minecraft:water_bucket":26,"minecraft:glass_bottle":114,"minecraft:baked_potato":26,"minecraft:cracked_stone_bricks":2,"minecraft:crafting_table":6,"minecraft:lime_bed":1,"minecraft:spider_eye":1,"minecraft:white_bed":5,"minecraft:oak_log":3,"minecraft:diamond_shovel":1,"minecraft:iron_pickaxe":83,"minecraft:stone_axe":66,"minecraft:cobblestone":181,"minecraft:potion":109,"minecraft:cooked_porkchop":16,"minecraft:bucket":27},"minecraft:dropped":{"minecraft:nether_brick_stairs":1,"minecraft:lapis_lazuli":5,"minecraft:cooked_beef":4,"minecraft:glass_bottle":1,"minecraft:ender_pearl":1,"minecraft:cooked_porkchop":2,"travelersbackpack:standard":2,"mmorpg:ingredient/fire_stone":3,"minecraft:dirt":1,"minecraft:snowball":3,"gravestone:obituary":8,"minecraft:wooden_sword":1,"minecraft:white_wool":2,"minecraft:bone":2,"iceandfire:dread_shard":6,"spartanweaponry:saber_iron":2,"minecraft:golden_chestplate":1,"minecraft:rotten_flesh":11,"minecraft:glowstone_dust":1,"mmorpg:ingredient/bolete_mushroom":8,"aoa3:carved_rune_of_travel":1,"minecraft:carrot":1,"minecraft:tipped_arrow":3,"minecraft:gunpowder":8,"minecraft:chainmail_boots":1,"iceandfire:troll_leather_frost":3,"minecraft:iron_bars":6,"minecraft:arrow":10,"minecraft:stone_brick_stairs":2,"mmorpg:ingredient/slime_bolus":1,"mmorpg:ingredient/guardian_scales":2,"minecraft:water_bucket":1,"minecraft:wheat_seeds":6,"minecraft:golden_helmet":1,"minecraft:tnt":2,"minecraft:mossy_cobblestone":4,"mmorpg:ingredient/lotus_petals":1,"minecraft:diamond_leggings":1,"minecraft:feather":10,"mmorpg:stat_soul/stat_soul":7,"minecraft:cobblestone":64,"minecraft:coal":1,"aoa3:ice_crystal":5,"minecraft:stick":3,"mmorpg:ingredient/ectoplasm":5,"minecraft:wooden_axe":1,"minecraft:cooked_salmon":9,"minecraft:potion":7,"minecraft:iron_leggings":2,"minecraft:string":25,"mmorpg:loot_crate/default":2,"minecraft:furnace":1,"minecraft:nether_wart":3,"minecraft:stone_sword":1,"minecraft:bowl":2,"aoa3:raw_charger_shank":2,"iceandfire:witherbone":1,"minecraft:iron_boots":5,"minecraft:shield":3,"minecraft:wooden_shovel":1,"minecraft:stone_bricks":3,"minecraft:spider_eye":9,"minecraft:stone_pickaxe":1},"minecraft:custom":{"minecraft:interact_with_crafting_table":69,"minecraft:leave_game":17,"minecraft:time_since_death":869,"minecraft:sprint_one_cm":1331732,"minecraft:damage_blocked_by_shield":6932,"minecraft:drop":124,"minecraft:talked_to_villager":1,"minecraft:deaths":24,"minecraft:jump":4737,"minecraft:walk_on_water_one_cm":30564,"minecraft:interact_with_furnace":77,"minecraft:play_one_minute":538791,"minecraft:sleep_in_bed":8,"minecraft:waystone_activated":2,"minecraft:damage_dealt":67693,"minecraft:crouch_one_cm":63965,"minecraft:mob_kills":292,"minecraft:climb_one_cm":43765,"minecraft:walk_one_cm":1790233,"minecraft:sneak_time":27603,"minecraft:walk_under_water_one_cm":19986,"minecraft:interact_with_lectern":1,"minecraft:time_since_rest":190,"minecraft:damage_taken":34799,"minecraft:damage_absorbed":14939,"minecraft:minecart_one_cm":900,"minecraft:swim_one_cm":357,"minecraft:fly_one_cm":781047,"minecraft:open_chest":312,"minecraft:fall_one_cm":195793},"minecraft:picked_up":{"minecraft:wooden_axe":1,"minecraft:iron_chestplate":3,"aoa3:ice_crystal":6,"minecraft:chainmail_boots":3,"minecraft:potion":3,"minecraft:enchanted_book":8,"minecraft:stone_brick_stairs":5,"travelersbackpack:spider":7,"minecraft:string":69,"minecraft:cooked_salmon":13,"minecraft:iron_leggings":4,"mmorpg:loot_crate/default":4,"minecraft:diamond_leggings":1,"minecraft:spruce_planks":4,"minecraft:wooden_shovel":1,"minecraft:furnace":1,"minecraft:iron_boots":5,"minecraft:golden_helmet":1,"minecraft:tipped_arrow":5,"minecraft:stick":26,"minecraft:torch":10,"minecraft:diorite":4,"aoa3:carved_rune_of_travel":1,"minecraft:golden_chestplate":1,"minecraft:stone_sword":1,"minecraft:rotten_flesh":113,"mmorpg:ingredient/earth_crystal":2,"minecraft:iron_bars":29,"minecraft:snowball":3,"minecraft:cobblestone":646,"mmorpg:ingredient/lotus_petals":1,"iceandfire:sapphire_gem":2,"minecraft:feather":12,"minecraft:cooked_beef":2,"minecraft:andesite":35,"minecraft:potato":16,"minecraft:flint":5,"minecraft:stripped_spruce_wood":18,"mmorpg:ingredient/crystal_beryl":3,"minecraft:dirt":66,"minecraft:lantern":4,"minecraft:leather_boots":2,"minecraft:bone":60,"tetra:scroll_rolled":1,"minecraft:bow":1,"minecraft:wheat_seeds":14,"minecraft:mossy_stone_bricks":16,"minecraft:glowstone_dust":1,"minecraft:mossy_stone_brick_stairs":7,"mmorpg:ingredient/bolete_mushroom":9,"mmorpg:ingredient/bone_figurine":2,"minecraft:sand":13,"minecraft:stripped_spruce_log":19,"minecraft:nether_brick_stairs":2,"mmorpg:ingredient/fresh_heart":1,"minecraft:mossy_cobblestone":13,"minecraft:dark_prismarine":1,"minecraft:granite":11,"minecraft:golden_apple":1,"minecraft:chainmail_helmet":1,"minecraft:emerald":4,"mmorpg:stat_soul/stat_soul":28,"minecraft:crafting_table":1,"aoa3:copper_coin":53,"iceandfire:witherbone":6,"minecraft:nether_wart":3,"minecraft:wooden_pickaxe":1,"aoa3:limonite_ore":4,"gravestone:obituary":6,"minecraft:shield":3,"aoa3:cooked_charger_shank":1,"minecraft:wooden_sword":2,"aoa3:jade":1,"minecraft:cracked_stone_bricks":7,"minecraft:dark_prismarine_stairs":1,"minecraft:beef":3,"aoa3:raw_charger_shank":10,"iceandfire:dread_shard":3,"minecraft:iron_nugget":3,"minecraft:poppy":3,"iceandfire:dragonbone":28,"minecraft:bowl":2,"mmorpg:ingredient/fire_stone":3,"minecraft:carrot":4,"iceandfire:dragon_skull_ice":1,"minecraft:tnt":2,"minecraft:arrow":35,"mmorpg:ingredient/redstone_crystal":7,"aoa3:amethyst":13,"minecraft:nether_bricks":11,"mysticalworld:aubergine_seeds":7,"mmorpg:ingredient/guardian_scales":4,"minecraft:mutton":3,"minecraft:white_wool":4,"minecraft:lime_bed":3,"aoa3:carved_rune_of_reality":1,"minecraft:leather":5,"minecraft:ice":3,"minecraft:oak_log":3,"minecraft:golden_boots":1,"minecraft:gunpowder":7,"mmorpg:ingredient/ectoplasm":11,"minecraft:blue_bed":1,"minecraft:stone_bricks":16,"minecraft:iron_ingot":4,"minecraft:stone_pickaxe":1,"minecraft:iron_ore":46,"minecraft:glass_bottle":1,"minecraft:polished_andesite_slab":5,"minecraft:book":3,"minecraft:gravel":8,"mmorpg:ingredient/crystal_amethyst":3,"aoa3:scrap_metal":4,"minecraft:white_bed":4,"minecraft:spruce_log":1,"mmorpg:ingredient/slime_bolus":4,"minecraft:spider_eye":19,"minecraft:mossy_cobblestone_stairs":1,"minecraft:baked_potato":12,"minecraft:coal":93},"minecraft:killed_by":{"minecraft:wither_skeleton":3,"minecraft:creeper":1,"minecraft:silverfish":2,"minecraft:cave_spider":1,"minecraft:zombie":7,"aoa3:yeti":2,"minecraft:husk":1,"iceandfire:dread_scuttler":1,"minecraft:stray":1,"iceandfire:dread_knight":1,"minecraft:skeleton":3},"minecraft:mined":{"minecraft:dark_prismarine_stairs":1,"minecraft:spruce_planks":7,"minecraft:white_bed":4,"iceandfire:dread_torch":1,"minecraft:granite":11,"minecraft:grass_block":29,"iceandfire:dread_spawner":1,"minecraft:chiseled_stone_bricks":1,"minecraft:spawner":76,"minecraft:smooth_stone":1,"minecraft:mossy_cobblestone_stairs":4,"minecraft:iron_ore":45,"minecraft:nether_brick_stairs":2,"minecraft:iron_bars":31,"minecraft:quartz_block":4,"minecraft:torch":2,"minecraft:poppy":1,"iceandfire:sapphire_ore":1,"minecraft:cobblestone":12,"minecraft:sugar_cane":2,"minecraft:wall_torch":2,"aoa3:limonite_ore":4,"duneons:snowtallgrass":29,"minecraft:stone_brick_stairs":19,"minecraft:grass":109,"minecraft:oak_log":3,"minecraft:sand":16,"minecraft:dirt":9,"minecraft:netherrack":1,"minecraft:oak_leaves":10,"minecraft:dark_prismarine":1,"minecraft:mossy_cobblestone":18,"minecraft:nether_bricks":10,"duneons:snowydoubleplantfern":21,"gravestone:gravestone":20,"minecraft:polished_andesite_slab":5,"minecraft:furnace":1,"minecraft:carrots":1,"aoa3:amethyst_ore":6,"minecraft:snow":3,"minecraft:andesite":39,"minecraft:stripped_spruce_log":18,"minecraft:mossy_stone_brick_stairs":16,"minecraft:bookshelf":3,"minecraft:potatoes":4,"minecraft:vine":6,"minecraft:stone":643,"minecraft:infested_stone_bricks":1,"minecraft:stone_brick_slab":3,"minecraft:crafting_table":1,"minecraft:diorite":11,"minecraft:blue_bed":1,"duneons:snowdoubleplantgrasstop":15,"minecraft:lime_bed":2,"minecraft:stripped_spruce_wood":18,"minecraft:ice":7,"minecraft:grass_path":30,"minecraft:coal_ore":71,"aoa3:jade_ore":1,"minecraft:gravel":3,"minecraft:cracked_stone_bricks":23,"explorercraft:marble":2,"minecraft:stone_bricks":22,"ars_nouveau:arcane_ore":1,"minecraft:mossy_stone_bricks":26},"minecraft:broken":{"minecraft:golden_helmet":3,"minecraft:golden_boots":2,"minecraft:wooden_shovel":1,"minecraft:iron_chestplate":2,"minecraft:golden_leggings":2,"minecraft:stone_pickaxe":3,"minecraft:wooden_sword":2,"minecraft:stone_axe":1,"minecraft:iron_sword":2,"minecraft:wooden_axe":1,"minecraft:leather_helmet":1,"minecraft:stone_sword":5,"minecraft:wooden_pickaxe":10,"spartanweaponry:saber_iron":2,"minecraft:leather_boots":2,"minecraft:iron_helmet":1},"minecraft:killed":{"minecraft:cave_spider":13,"minecraft:spider":29,"aoa3:snow_charger":9,"minecraft:skeleton":30,"aoa3:shade":1,"duneons:icecreeper":1,"mysticalworld:sprout":1,"minecraft:chicken":1,"aoa3:ghost":1,"minecraft:silverfish":11,"minecraft:zombie_villager":13,"minecraft:iron_golem":1,"dungeonsmod:pice":2,"minecraft:creeper":3,"aoa3:bomb_carrier":3,"minecraft:sheep":2,"minecraft:zombie":80,"minecraft:stray":18,"minecraft:cow":2,"minecraft:vex":1,"aoa3:yeti":10,"duneons:frozenzombie":6,"minecraft:husk":17,"aoa3:night_reaper":2,"minecraft:bat":2,"aoa3:void_walker":2,"aoa3:bugeye":3,"aoa3:shadow":1,"minecraft:wither_skeleton":10,"minecraft:enderman":1}},"DataVersion":2586}