{"stats":{"minecraft:broken":{"minecraft:leather_helmet":1,"minecraft:golden_helmet":1,"minecraft:golden_boots":2,"minecraft:wooden_shovel":1,"minecraft:stone_sword":4,"minecraft:golden_leggings":1,"minecraft:wooden_pickaxe":10,"minecraft:stone_pickaxe":2,"minecraft:wooden_sword":2,"minecraft:stone_axe":1,"minecraft:wooden_axe":1},"minecraft:custom":{"minecraft:mob_kills":91,"minecraft:interact_with_crafting_table":47,"minecraft:leave_game":11,"minecraft:time_since_death":2857,"minecraft:sprint_one_cm":687246,"minecraft:walk_one_cm":834919,"minecraft:damage_blocked_by_shield":3137,"minecraft:drop":59,"minecraft:talked_to_villager":1,"minecraft:deaths":17,"minecraft:sneak_time":21260,"minecraft:walk_under_water_one_cm":9652,"minecraft:interact_with_lectern":1,"minecraft:jump":2565,"minecraft:walk_on_water_one_cm":7091,"minecraft:interact_with_furnace":26,"minecraft:play_one_minute":287335,"minecraft:sleep_in_bed":4,"minecraft:time_since_rest":2883,"minecraft:damage_taken":12858,"minecraft:damage_absorbed":4087,"minecraft:damage_dealt":19162,"minecraft:fly_one_cm":367645,"minecraft:open_chest":114,"minecraft:crouch_one_cm":39094,"minecraft:fall_one_cm":28958},"minecraft:used":{"minecraft:stone_sword":618,"minecraft:iron_bars":2,"aoa3:cooked_charger_shank":2,"ars_nouveau:mana_berry":2,"minecraft:chest":10,"minecraft:spruce_planks":34,"minecraft:shield":78,"minecraft:wooden_shovel":62,"aoa3:raw_charger_shank":1,"minecraft:rotten_flesh":3,"minecraft:torch":78,"minecraft:dirt":7,"minecraft:carrot":8,"minecraft:wooden_axe":44,"minecraft:packed_ice":1,"minecraft:furnace":8,"minecraft:egg":4,"minecraft:cooked_beef":12,"minecraft:potato":5,"travelersbackpack:spider":11,"minecraft:cooked_mutton":3,"minecraft:mossy_stone_bricks":2,"minecraft:diorite":1,"minecraft:glass_bottle":50,"minecraft:stone_pickaxe":217,"minecraft:baked_potato":11,"minecraft:wooden_pickaxe":640,"minecraft:blue_bed":1,"minecraft:white_wool":2,"minecraft:lime_bed":1,"minecraft:crafting_table":6,"aoa3:carved_rune_of_direction":1,"minecraft:white_bed":2,"minecraft:gravel":1,"minecraft:stone_axe":66,"minecraft:wooden_sword":129,"minecraft:cobblestone":130,"minecraft:potion":44},"minecraft:picked_up":{"minecraft:wooden_axe":1,"minecraft:crafting_table":1,"minecraft:iron_chestplate":1,"aoa3:ice_crystal":3,"iceandfire:witherbone":5,"minecraft:chainmail_boots":1,"aoa3:copper_coin":30,"minecraft:wooden_pickaxe":1,"minecraft:potion":1,"minecraft:enchanted_book":2,"minecraft:stone_brick_stairs":3,"travelersbackpack:spider":6,"gravestone:obituary":4,"minecraft:shield":1,"minecraft:string":35,"aoa3:cooked_charger_shank":1,"minecraft:wooden_sword":2,"minecraft:iron_leggings":2,"ars_nouveau:mana_gem":2,"minecraft:cracked_stone_bricks":4,"mmorpg:loot_crate/default":1,"minecraft:spruce_planks":4,"minecraft:beef":3,"aoa3:raw_charger_shank":5,"iceandfire:dread_shard":3,"minecraft:wooden_shovel":1,"minecraft:poppy":1,"minecraft:furnace":1,"minecraft:iron_boots":1,"minecraft:tipped_arrow":1,"minecraft:stick":3,"minecraft:torch":8,"minecraft:bowl":2,"minecraft:diorite":4,"minecraft:carrot":3,"minecraft:golden_chestplate":1,"minecraft:stone_sword":1,"minecraft:arrow":8,"minecraft:rotten_flesh":33,"mmorpg:ingredient/redstone_crystal":1,"ars_nouveau:worn_notebook":1,"mysticalworld:aubergine_seeds":4,"minecraft:mutton":3,"minecraft:iron_bars":19,"minecraft:snowball":3,"minecraft:white_wool":4,"minecraft:cobblestone":599,"minecraft:lime_bed":2,"minecraft:feather":5,"minecraft:cooked_beef":2,"minecraft:andesite":35,"minecraft:potato":3,"minecraft:flint":4,"minecraft:stripped_spruce_wood":17,"minecraft:golden_boots":1,"minecraft:gunpowder":3,"mmorpg:ingredient/ectoplasm":2,"minecraft:dirt":65,"minecraft:blue_bed":1,"minecraft:leather_boots":2,"minecraft:bone":15,"tetra:scroll_rolled":1,"minecraft:stone_bricks":9,"minecraft:wheat_seeds":1,"minecraft:stone_pickaxe":1,"minecraft:mossy_stone_bricks":4,"minecraft:glass_bottle":1,"mmorpg:ingredient/bolete_mushroom":3,"minecraft:book":3,"ars_nouveau:novice_spell_book":1,"minecraft:gravel":3,"minecraft:sand":13,"aoa3:scrap_metal":2,"minecraft:stripped_spruce_log":19,"minecraft:white_bed":2,"minecraft:spruce_log":1,"mmorpg:ingredient/slime_bolus":2,"minecraft:spider_eye":10,"ars_nouveau:wilden_horn":1,"minecraft:mossy_cobblestone":1,"minecraft:granite":11,"mmorpg:stat_soul/stat_soul":11,"minecraft:coal":61},"minecraft:dropped":{"ars_nouveau:novice_spell_book":1,"minecraft:cooked_beef":2,"minecraft:ender_pearl":1,"mmorpg:stat_soul/stat_soul":2,"minecraft:feather":3,"minecraft:cobblestone":64,"minecraft:coal":1,"aoa3:ice_crystal":3,"minecraft:stick":3,"minecraft:wooden_axe":1,"minecraft:snowball":3,"minecraft:potion":7,"gravestone:obituary":3,"minecraft:wooden_sword":1,"minecraft:string":17,"minecraft:white_wool":2,"iceandfire:dread_shard":6,"minecraft:bone":2,"minecraft:furnace":1,"minecraft:golden_chestplate":1,"minecraft:stone_sword":1,"minecraft:bowl":2,"iceandfire:witherbone":1,"minecraft:rotten_flesh":10,"minecraft:iron_boots":1,"mmorpg:ingredient/bolete_mushroom":2,"minecraft:gunpowder":4,"minecraft:wooden_shovel":1,"iceandfire:troll_leather_frost":3,"minecraft:spider_eye":4,"minecraft:stone_bricks":3,"minecraft:iron_bars":6,"minecraft:arrow":4,"minecraft:stone_pickaxe":1,"minecraft:stone_brick_stairs":2,"mmorpg:ingredient/slime_bolus":1},"minecraft:killed":{"minecraft:cave_spider":6,"minecraft:spider":12,"aoa3:snow_charger":4,"minecraft:skeleton":3,"aoa3:ghost":1,"aoa3:yeti":2,"minecraft:silverfish":3,"aoa3:void_walker":2,"aoa3:bomb_carrier":1,"minecraft:creeper":1,"minecraft:sheep":2,"minecraft:zombie":36,"minecraft:stray":6,"minecraft:wither_skeleton":8,"minecraft:cow":2},"minecraft:mined":{"minecraft:spruce_planks":7,"minecraft:white_bed":2,"minecraft:mossy_cobblestone":8,"iceandfire:dread_torch":1,"minecraft:granite":11,"gravestone:gravestone":14,"minecraft:grass_block":29,"iceandfire:dread_spawner":1,"minecraft:chiseled_stone_bricks":1,"minecraft:spawner":16,"minecraft:furnace":1,"minecraft:carrots":1,"minecraft:mossy_cobblestone_stairs":3,"minecraft:snow":3,"minecraft:andesite":39,"minecraft:stripped_spruce_log":18,"minecraft:mossy_stone_brick_stairs":6,"minecraft:bookshelf":1,"minecraft:iron_bars":19,"minecraft:stone":594,"minecraft:quartz_block":2,"minecraft:infested_stone_bricks":1,"minecraft:crafting_table":1,"minecraft:torch":1,"minecraft:poppy":1,"minecraft:cobblestone":8,"minecraft:diorite":10,"minecraft:blue_bed":1,"minecraft:lime_bed":1,"minecraft:stripped_spruce_wood":17,"minecraft:ice":4,"minecraft:stone_brick_stairs":8,"minecraft:grass_path":30,"minecraft:grass":50,"minecraft:coal_ore":57,"minecraft:sand":16,"minecraft:gravel":3,"minecraft:dirt":9,"minecraft:cracked_stone_bricks":14,"ars_nouveau:arcane_ore":1,"minecraft:stone_bricks":7,"minecraft:mossy_stone_bricks":11},"minecraft:crafted":{"minecraft:wooden_sword":1,"minecraft:furnace":8,"minecraft:cooked_mutton":3,"aoa3:cooked_charger_shank":2,"minecraft:glass":13,"minecraft:stone_pickaxe":2,"minecraft:chest":10,"minecraft:golden_boots":1,"minecraft:cooked_beef":3,"minecraft:glass_bottle":3,"minecraft:wooden_shovel":2,"minecraft:crafting_table":5,"minecraft:spruce_planks":148,"minecraft:wooden_pickaxe":10,"minecraft:air":0,"minecraft:golden_leggings":1,"minecraft:stick":52,"minecraft:wooden_axe":1,"minecraft:stone_sword":5,"minecraft:torch":36},"minecraft:killed_by":{"iceandfire:dread_scuttler":1,"minecraft:wither_skeleton":3,"minecraft:creeper":1,"ars_nouveau:wilden_stalker":1,"iceandfire:dread_knight":1,"minecraft:silverfish":2,"minecraft:cave_spider":1,"minecraft:zombie":5,"aoa3:yeti":2}},"DataVersion":2586}