{"stats":{"minecraft:crafted":{"minecraft:crafting_table":1,"minecraft:spruce_planks":4},"minecraft:killed_by":{"ars_nouveau:wilden_stalker":1,"aoa3:yeti":2,"minecraft:creeper":1},"minecraft:custom":{"minecraft:time_since_rest":0,"minecraft:damage_absorbed":261,"minecraft:damage_taken":1056,"minecraft:play_one_minute":26912,"minecraft:crouch_one_cm":712,"minecraft:walk_one_cm":34731,"minecraft:sprint_one_cm":53608,"minecraft:deaths":4,"minecraft:sneak_time":433,"minecraft:jump":244,"minecraft:damage_dealt":64,"minecraft:leave_game":5,"minecraft:time_since_death":0,"minecraft:interact_with_crafting_table":2,"minecraft:fly_one_cm":63144,"minecraft:fall_one_cm":6682},"minecraft:mined":{"gravestone:gravestone":1,"minecraft:grass":38,"minecraft:grass_block":10,"minecraft:poppy":1,"minecraft:gravel":2,"minecraft:dirt":5},"minecraft:used":{"minecraft:dirt":1,"minecraft:crafting_table":1},"minecraft:picked_up":{"aoa3:copper_coin":3,"minecraft:wheat_seeds":1,"ars_nouveau:worn_notebook":1,"mysticalworld:aubergine_seeds":4,"minecraft:gravel":2,"aoa3:scrap_metal":1,"minecraft:poppy":1,"minecraft:spruce_log":1,"minecraft:spider_eye":1,"minecraft:dirt":13,"minecraft:string":3}},"DataVersion":2586}