{"stats":{"minecraft:custom":{"minecraft:time_since_rest":35009,"minecraft:interact_with_furnace":8,"minecraft:sprint_one_cm":84335,"minecraft:walk_one_cm":128199,"minecraft:damage_taken":1354,"minecraft:damage_absorbed":329,"minecraft:mob_kills":4,"minecraft:damage_dealt":547,"minecraft:talked_to_villager":1,"minecraft:interact_with_crafting_table":6,"minecraft:fly_one_cm":95879,"minecraft:crouch_one_cm":8600,"minecraft:play_one_minute":61921,"minecraft:deaths":4,"minecraft:sneak_time":4924,"minecraft:jump":517,"minecraft:leave_game":5,"minecraft:walk_on_water_one_cm":72,"minecraft:time_since_death":31028,"minecraft:fall_one_cm":10036},"minecraft:broken":{"minecraft:wooden_pickaxe":2},"minecraft:used":{"minecraft:cooked_mutton":3,"minecraft:wooden_pickaxe":110,"minecraft:torch":5,"minecraft:wooden_sword":9,"minecraft:dirt":5,"minecraft:cobblestone":54,"minecraft:crafting_table":2,"minecraft:cooked_beef":1},"minecraft:killed_by":{"ars_nouveau:wilden_stalker":1,"aoa3:yeti":2,"minecraft:creeper":1},"minecraft:mined":{"minecraft:white_bed":2,"minecraft:stripped_spruce_wood":1,"minecraft:andesite":14,"minecraft:stripped_spruce_log":4,"minecraft:grass_path":2,"gravestone:gravestone":1,"minecraft:granite":11,"minecraft:grass":42,"minecraft:grass_block":13,"minecraft:coal_ore":13,"minecraft:poppy":1,"minecraft:gravel":2,"minecraft:dirt":5,"minecraft:cobblestone":3,"minecraft:stone":66,"minecraft:diorite":3},"minecraft:killed":{"minecraft:sheep":2,"minecraft:cow":2},"minecraft:picked_up":{"aoa3:copper_coin":7,"minecraft:andesite":20,"minecraft:wooden_pickaxe":1,"minecraft:gravel":2,"aoa3:scrap_metal":1,"minecraft:stripped_spruce_wood":1,"minecraft:diorite":3,"minecraft:stripped_spruce_log":4,"minecraft:spruce_log":1,"minecraft:white_bed":2,"ars_nouveau:wilden_horn":1,"minecraft:string":4,"minecraft:spider_eye":1,"minecraft:dirt":17,"minecraft:wheat_seeds":1,"ars_nouveau:worn_notebook":1,"mysticalworld:aubergine_seeds":4,"minecraft:beef":3,"minecraft:granite":11,"minecraft:poppy":1,"mmorpg:stat_soul/stat_soul":1,"minecraft:mutton":3,"minecraft:coal":12,"minecraft:white_wool":2,"minecraft:cobblestone":69},"minecraft:crafted":{"minecraft:cooked_beef":1,"minecraft:wooden_sword":1,"minecraft:crafting_table":2,"minecraft:spruce_planks":24,"minecraft:stick":8,"minecraft:wooden_pickaxe":2,"minecraft:torch":8,"minecraft:air":0,"minecraft:cooked_mutton":3}},"DataVersion":2586}