{"stats":{"minecraft:mined":{"minecraft:spruce_planks":4,"minecraft:white_bed":2,"iceandfire:dread_torch":1,"gravestone:gravestone":3,"minecraft:granite":11,"minecraft:grass_block":29,"iceandfire:dread_spawner":1,"minecraft:furnace":1,"minecraft:carrots":1,"minecraft:snow":3,"minecraft:andesite":27,"minecraft:stripped_spruce_log":18,"minecraft:bookshelf":1,"minecraft:iron_bars":6,"minecraft:stone":572,"minecraft:crafting_table":1,"minecraft:torch":1,"minecraft:poppy":1,"minecraft:cobblestone":8,"minecraft:diorite":3,"minecraft:blue_bed":1,"minecraft:stripped_spruce_wood":17,"minecraft:ice":4,"minecraft:grass_path":30,"minecraft:grass":50,"minecraft:coal_ore":57,"minecraft:gravel":2,"minecraft:sand":16,"minecraft:dirt":9,"minecraft:cracked_stone_bricks":4,"ars_nouveau:arcane_ore":1,"minecraft:stone_bricks":1},"minecraft:broken":{"minecraft:wooden_shovel":1,"minecraft:stone_sword":1,"minecraft:wooden_pickaxe":10,"minecraft:stone_pickaxe":1,"minecraft:wooden_sword":2,"minecraft:wooden_axe":1},"minecraft:picked_up":{"minecraft:wooden_axe":1,"minecraft:crafting_table":1,"aoa3:ice_crystal":3,"minecraft:chainmail_boots":1,"aoa3:copper_coin":30,"minecraft:wooden_pickaxe":1,"minecraft:potion":1,"minecraft:enchanted_book":1,"travelersbackpack:spider":1,"minecraft:shield":1,"minecraft:string":7,"aoa3:cooked_charger_shank":1,"minecraft:wooden_sword":2,"ars_nouveau:mana_gem":2,"minecraft:cracked_stone_bricks":4,"minecraft:spruce_planks":1,"minecraft:beef":3,"aoa3:raw_charger_shank":5,"iceandfire:dread_shard":3,"minecraft:wooden_shovel":1,"minecraft:poppy":1,"minecraft:furnace":1,"minecraft:stick":3,"minecraft:torch":2,"minecraft:diorite":3,"minecraft:carrot":3,"minecraft:rotten_flesh":18,"mmorpg:ingredient/redstone_crystal":1,"ars_nouveau:worn_notebook":1,"mysticalworld:aubergine_seeds":4,"minecraft:mutton":3,"minecraft:iron_bars":4,"minecraft:snowball":3,"minecraft:white_wool":4,"minecraft:cobblestone":573,"minecraft:feather":5,"minecraft:cooked_beef":2,"minecraft:andesite":33,"minecraft:flint":4,"minecraft:stripped_spruce_wood":17,"minecraft:gunpowder":1,"minecraft:dirt":65,"minecraft:blue_bed":1,"minecraft:bone":2,"minecraft:stone_bricks":1,"minecraft:wheat_seeds":1,"minecraft:stone_pickaxe":1,"minecraft:glass_bottle":1,"minecraft:book":3,"minecraft:gravel":2,"minecraft:sand":13,"aoa3:scrap_metal":2,"minecraft:stripped_spruce_log":19,"minecraft:white_bed":2,"minecraft:spruce_log":1,"minecraft:spider_eye":2,"ars_nouveau:wilden_horn":1,"minecraft:granite":11,"mmorpg:stat_soul/stat_soul":3,"minecraft:coal":58},"minecraft:used":{"minecraft:stone_sword":200,"aoa3:cooked_charger_shank":2,"ars_nouveau:mana_berry":2,"minecraft:spruce_planks":21,"minecraft:chest":6,"minecraft:shield":5,"minecraft:wooden_shovel":62,"aoa3:raw_charger_shank":1,"minecraft:rotten_flesh":3,"minecraft:torch":52,"minecraft:dirt":7,"minecraft:carrot":8,"minecraft:wooden_axe":44,"minecraft:packed_ice":1,"minecraft:furnace":8,"minecraft:egg":4,"minecraft:cooked_beef":3,"minecraft:potato":5,"travelersbackpack:spider":2,"minecraft:cooked_mutton":3,"minecraft:glass_bottle":50,"minecraft:stone_pickaxe":86,"minecraft:baked_potato":3,"minecraft:wooden_pickaxe":640,"minecraft:blue_bed":1,"minecraft:white_wool":2,"minecraft:crafting_table":4,"aoa3:carved_rune_of_direction":1,"minecraft:white_bed":2,"minecraft:wooden_sword":129,"minecraft:cobblestone":130,"minecraft:potion":42},"minecraft:custom":{"minecraft:mob_kills":33,"minecraft:interact_with_crafting_table":39,"minecraft:leave_game":7,"minecraft:time_since_death":59015,"minecraft:sprint_one_cm":435208,"minecraft:walk_one_cm":584190,"minecraft:damage_blocked_by_shield":310,"minecraft:drop":25,"minecraft:talked_to_villager":1,"minecraft:deaths":6,"minecraft:sneak_time":20444,"minecraft:walk_under_water_one_cm":9652,"minecraft:interact_with_lectern":1,"minecraft:jump":2189,"minecraft:walk_on_water_one_cm":7080,"minecraft:interact_with_furnace":26,"minecraft:play_one_minute":196507,"minecraft:sleep_in_bed":4,"minecraft:time_since_rest":40854,"minecraft:damage_taken":4267,"minecraft:damage_absorbed":1146,"minecraft:damage_dealt":6933,"minecraft:fly_one_cm":312579,"minecraft:open_chest":71,"minecraft:crouch_one_cm":38603,"minecraft:fall_one_cm":23429},"minecraft:dropped":{"minecraft:feather":3,"aoa3:ice_crystal":3,"minecraft:stick":3,"minecraft:wooden_axe":1,"minecraft:snowball":3,"minecraft:potion":7,"minecraft:wooden_sword":1,"minecraft:string":1,"minecraft:white_wool":2,"iceandfire:dread_shard":6,"minecraft:furnace":1,"minecraft:rotten_flesh":7,"minecraft:gunpowder":2,"minecraft:wooden_shovel":1,"iceandfire:troll_leather_frost":3,"minecraft:iron_bars":2,"minecraft:stone_pickaxe":1},"minecraft:killed":{"minecraft:spider":3,"aoa3:snow_charger":4,"minecraft:skeleton":2,"aoa3:yeti":2,"aoa3:ghost":1,"aoa3:void_walker":2,"aoa3:bomb_carrier":1,"minecraft:sheep":2,"minecraft:zombie":11,"minecraft:stray":2,"minecraft:cow":2},"minecraft:killed_by":{"iceandfire:dread_scuttler":1,"minecraft:creeper":1,"ars_nouveau:wilden_stalker":1,"iceandfire:dread_knight":1,"aoa3:yeti":2},"minecraft:crafted":{"minecraft:wooden_sword":1,"minecraft:furnace":8,"minecraft:cooked_mutton":3,"aoa3:cooked_charger_shank":2,"minecraft:glass":13,"minecraft:stone_pickaxe":2,"minecraft:chest":6,"minecraft:cooked_beef":3,"minecraft:glass_bottle":3,"minecraft:wooden_shovel":2,"minecraft:crafting_table":3,"minecraft:spruce_planks":148,"minecraft:wooden_pickaxe":10,"minecraft:air":0,"minecraft:stick":44,"minecraft:wooden_axe":1,"minecraft:stone_sword":2,"minecraft:torch":36}},"DataVersion":2586}