{"stats":{"minecraft:custom":{"minecraft:interact_with_furnace":14,"minecraft:mob_kills":9,"minecraft:interact_with_crafting_table":15,"minecraft:play_one_minute":85921,"minecraft:leave_game":5,"minecraft:time_since_death":55028,"minecraft:sleep_in_bed":1,"minecraft:time_since_rest":17253,"minecraft:sprint_one_cm":96077,"minecraft:damage_absorbed":464,"minecraft:damage_taken":1920,"minecraft:walk_one_cm":238263,"minecraft:damage_dealt":1700,"minecraft:fly_one_cm":106486,"minecraft:talked_to_villager":1,"minecraft:crouch_one_cm":19325,"minecraft:deaths":4,"minecraft:sneak_time":10053,"minecraft:walk_under_water_one_cm":7376,"minecraft:jump":725,"minecraft:walk_on_water_one_cm":775,"minecraft:fall_one_cm":11440},"minecraft:broken":{"minecraft:wooden_shovel":1,"minecraft:wooden_pickaxe":5},"minecraft:used":{"minecraft:cooked_mutton":3,"minecraft:glass_bottle":14,"minecraft:wooden_pickaxe":300,"minecraft:wooden_shovel":59,"minecraft:torch":5,"minecraft:dirt":5,"minecraft:crafting_table":2,"minecraft:wooden_sword":42,"minecraft:cobblestone":55,"minecraft:potion":13,"minecraft:cooked_beef":1},"minecraft:killed_by":{"minecraft:creeper":1,"ars_nouveau:wilden_stalker":1,"aoa3:yeti":2},"minecraft:mined":{"minecraft:white_bed":2,"gravestone:gravestone":1,"minecraft:granite":11,"minecraft:grass_block":29,"minecraft:poppy":1,"minecraft:cobblestone":3,"minecraft:diorite":3,"minecraft:stripped_spruce_wood":2,"minecraft:snow":3,"minecraft:ice":3,"minecraft:stripped_spruce_log":6,"minecraft:andesite":14,"minecraft:grass_path":30,"minecraft:grass":42,"minecraft:coal_ore":34,"minecraft:gravel":2,"minecraft:sand":16,"minecraft:dirt":6,"minecraft:stone":234},"minecraft:killed":{"aoa3:snow_charger":3,"minecraft:sheep":2,"aoa3:yeti":2,"minecraft:cow":2},"minecraft:picked_up":{"aoa3:ice_crystal":3,"minecraft:feather":1,"aoa3:copper_coin":12,"minecraft:andesite":20,"minecraft:wooden_pickaxe":1,"minecraft:stripped_spruce_wood":2,"minecraft:dirt":62,"minecraft:string":4,"aoa3:cooked_charger_shank":1,"minecraft:wheat_seeds":1,"minecraft:beef":3,"aoa3:raw_charger_shank":3,"minecraft:poppy":1,"minecraft:gravel":2,"minecraft:sand":13,"aoa3:scrap_metal":1,"minecraft:stripped_spruce_log":6,"minecraft:diorite":3,"minecraft:white_bed":2,"minecraft:spruce_log":1,"minecraft:spider_eye":1,"ars_nouveau:wilden_horn":1,"ars_nouveau:worn_notebook":1,"mysticalworld:aubergine_seeds":4,"minecraft:granite":11,"mmorpg:stat_soul/stat_soul":2,"minecraft:mutton":3,"minecraft:coal":33,"minecraft:snowball":3,"minecraft:white_wool":2,"minecraft:cobblestone":235},"minecraft:crafted":{"minecraft:cooked_beef":3,"minecraft:glass_bottle":3,"minecraft:wooden_sword":1,"minecraft:wooden_shovel":1,"minecraft:crafting_table":2,"minecraft:spruce_planks":36,"minecraft:wooden_pickaxe":5,"minecraft:cooked_mutton":3,"minecraft:air":0,"aoa3:cooked_charger_shank":1,"minecraft:glass":13,"minecraft:stick":16,"minecraft:torch":8}},"DataVersion":2586}