{"stats":{"minecraft:mined":{"minecraft:spruce_planks":2,"minecraft:white_bed":2,"iceandfire:dread_torch":1,"minecraft:crafting_table":1,"minecraft:torch":1,"gravestone:gravestone":3,"minecraft:granite":11,"minecraft:grass_block":29,"minecraft:poppy":1,"iceandfire:dread_spawner":1,"minecraft:cobblestone":8,"minecraft:diorite":3,"minecraft:blue_bed":1,"minecraft:furnace":1,"minecraft:carrots":1,"minecraft:stripped_spruce_wood":17,"minecraft:snow":3,"minecraft:ice":4,"minecraft:andesite":27,"minecraft:stripped_spruce_log":18,"minecraft:grass_path":30,"minecraft:grass":50,"minecraft:bookshelf":1,"minecraft:coal_ore":57,"minecraft:iron_bars":4,"minecraft:gravel":2,"minecraft:sand":16,"minecraft:dirt":8,"minecraft:stone":572},"minecraft:broken":{"minecraft:stone_pickaxe":1,"minecraft:wooden_shovel":1,"minecraft:wooden_sword":1,"minecraft:wooden_pickaxe":10},"minecraft:picked_up":{"minecraft:wooden_axe":1,"aoa3:ice_crystal":3,"minecraft:crafting_table":1,"minecraft:feather":5,"aoa3:copper_coin":30,"minecraft:andesite":33,"minecraft:wooden_pickaxe":1,"minecraft:potion":1,"minecraft:flint":4,"minecraft:stripped_spruce_wood":17,"minecraft:gunpowder":1,"minecraft:shield":1,"minecraft:blue_bed":1,"minecraft:dirt":64,"minecraft:string":5,"aoa3:cooked_charger_shank":1,"minecraft:wooden_sword":2,"minecraft:wheat_seeds":1,"aoa3:raw_charger_shank":5,"minecraft:beef":3,"iceandfire:dread_shard":3,"minecraft:wooden_shovel":1,"minecraft:poppy":1,"minecraft:furnace":1,"minecraft:book":3,"minecraft:stick":3,"minecraft:torch":1,"minecraft:gravel":2,"minecraft:sand":13,"aoa3:scrap_metal":2,"minecraft:stripped_spruce_log":19,"minecraft:carrot":3,"minecraft:diorite":3,"minecraft:spruce_log":1,"minecraft:white_bed":2,"ars_nouveau:wilden_horn":1,"minecraft:spider_eye":2,"minecraft:rotten_flesh":4,"ars_nouveau:worn_notebook":1,"mysticalworld:aubergine_seeds":4,"minecraft:granite":11,"mmorpg:stat_soul/stat_soul":2,"minecraft:iron_bars":4,"minecraft:mutton":3,"minecraft:coal":58,"minecraft:snowball":3,"minecraft:white_wool":4,"minecraft:cobblestone":573},"minecraft:used":{"minecraft:cooked_mutton":3,"aoa3:cooked_charger_shank":2,"minecraft:glass_bottle":43,"minecraft:stone_pickaxe":65,"ars_nouveau:mana_berry":2,"minecraft:chest":6,"minecraft:spruce_planks":16,"minecraft:wooden_pickaxe":640,"minecraft:rotten_flesh":3,"aoa3:raw_charger_shank":1,"minecraft:blue_bed":1,"minecraft:wooden_shovel":59,"minecraft:white_wool":2,"minecraft:torch":35,"minecraft:dirt":6,"minecraft:crafting_table":3,"aoa3:carved_rune_of_direction":1,"minecraft:carrot":8,"minecraft:white_bed":2,"minecraft:wooden_axe":25,"minecraft:packed_ice":1,"minecraft:wooden_sword":119,"minecraft:cobblestone":130,"minecraft:potion":35,"minecraft:furnace":8,"minecraft:egg":4,"minecraft:cooked_beef":3,"minecraft:potato":5},"minecraft:custom":{"minecraft:interact_with_furnace":26,"minecraft:mob_kills":17,"minecraft:interact_with_crafting_table":35,"minecraft:play_one_minute":172507,"minecraft:leave_game":7,"minecraft:time_since_death":35015,"minecraft:sleep_in_bed":4,"minecraft:time_since_rest":16854,"minecraft:sprint_one_cm":358886,"minecraft:damage_absorbed":874,"minecraft:damage_taken":3421,"minecraft:walk_one_cm":479337,"minecraft:drop":22,"minecraft:damage_dealt":3875,"minecraft:fly_one_cm":299759,"minecraft:talked_to_villager":1,"minecraft:open_chest":29,"minecraft:crouch_one_cm":37714,"minecraft:deaths":6,"minecraft:sneak_time":19448,"minecraft:walk_under_water_one_cm":9262,"minecraft:interact_with_lectern":1,"minecraft:jump":1888,"minecraft:walk_on_water_one_cm":2298,"minecraft:fall_one_cm":22859},"minecraft:dropped":{"minecraft:furnace":1,"minecraft:feather":3,"minecraft:rotten_flesh":7,"aoa3:ice_crystal":3,"minecraft:stick":3,"minecraft:gunpowder":2,"minecraft:wooden_axe":1,"minecraft:snowball":3,"minecraft:wooden_shovel":1,"minecraft:potion":7,"iceandfire:troll_leather_frost":3,"minecraft:string":1,"minecraft:white_wool":2,"iceandfire:dread_shard":6},"minecraft:killed":{"minecraft:spider":1,"aoa3:void_walker":2,"aoa3:bomb_carrier":1,"aoa3:snow_charger":4,"minecraft:sheep":2,"minecraft:skeleton":2,"minecraft:zombie":2,"aoa3:ghost":1,"aoa3:yeti":2,"minecraft:cow":2},"minecraft:killed_by":{"iceandfire:dread_scuttler":1,"minecraft:creeper":1,"ars_nouveau:wilden_stalker":1,"aoa3:yeti":2,"iceandfire:dread_knight":1},"minecraft:crafted":{"minecraft:cooked_beef":3,"minecraft:glass_bottle":3,"minecraft:wooden_sword":1,"minecraft:wooden_shovel":2,"minecraft:crafting_table":2,"minecraft:spruce_planks":148,"minecraft:wooden_pickaxe":10,"minecraft:furnace":8,"minecraft:cooked_mutton":3,"minecraft:air":0,"aoa3:cooked_charger_shank":2,"minecraft:glass":13,"minecraft:stick":40,"minecraft:stone_pickaxe":2,"minecraft:wooden_axe":1,"minecraft:chest":6,"minecraft:torch":36}},"DataVersion":2586}