{"stats":{"minecraft:crafted":{"minecraft:crafting_table":1,"minecraft:spruce_planks":4},"minecraft:killed_by":{"ars_nouveau:wilden_stalker":1,"aoa3:yeti":2},"minecraft:custom":{"minecraft:time_since_rest":9935,"minecraft:damage_taken":710,"minecraft:damage_absorbed":179,"minecraft:play_one_minute":23950,"minecraft:crouch_one_cm":381,"minecraft:deaths":3,"minecraft:sprint_one_cm":35286,"minecraft:walk_one_cm":30373,"minecraft:sneak_time":222,"minecraft:jump":159,"minecraft:damage_dealt":64,"minecraft:leave_game":4,"minecraft:time_since_death":9935,"minecraft:interact_with_crafting_table":2,"minecraft:fall_one_cm":5010,"minecraft:fly_one_cm":40901},"minecraft:mined":{"gravestone:gravestone":1,"minecraft:grass":11,"minecraft:grass_block":9,"minecraft:poppy":1,"minecraft:gravel":2},"minecraft:used":{"minecraft:dirt":1,"minecraft:crafting_table":1},"minecraft:picked_up":{"aoa3:copper_coin":2,"ars_nouveau:worn_notebook":1,"mysticalworld:aubergine_seeds":2,"minecraft:gravel":2,"minecraft:poppy":1,"minecraft:spruce_log":1,"minecraft:dirt":7,"minecraft:spider_eye":1,"minecraft:string":2}},"DataVersion":2586}