{"stats":{"minecraft:custom":{"minecraft:interact_with_furnace":13,"minecraft:mob_kills":8,"minecraft:interact_with_crafting_table":11,"minecraft:play_one_minute":73921,"minecraft:leave_game":5,"minecraft:time_since_death":43028,"minecraft:sleep_in_bed":1,"minecraft:time_since_rest":5253,"minecraft:sprint_one_cm":89765,"minecraft:damage_absorbed":449,"minecraft:damage_taken":1870,"minecraft:walk_one_cm":210430,"minecraft:damage_dealt":1385,"minecraft:fly_one_cm":105844,"minecraft:talked_to_villager":1,"minecraft:crouch_one_cm":8600,"minecraft:deaths":4,"minecraft:sneak_time":5923,"minecraft:walk_under_water_one_cm":7376,"minecraft:jump":628,"minecraft:walk_on_water_one_cm":775,"minecraft:fall_one_cm":10841},"minecraft:broken":{"minecraft:wooden_pickaxe":2},"minecraft:used":{"minecraft:cooked_mutton":3,"minecraft:glass_bottle":14,"minecraft:wooden_pickaxe":132,"minecraft:wooden_shovel":14,"minecraft:torch":5,"minecraft:dirt":5,"minecraft:crafting_table":2,"minecraft:wooden_sword":34,"minecraft:cobblestone":54,"minecraft:potion":13,"minecraft:cooked_beef":1},"minecraft:killed_by":{"minecraft:creeper":1,"ars_nouveau:wilden_stalker":1,"aoa3:yeti":2},"minecraft:mined":{"minecraft:white_bed":2,"gravestone:gravestone":1,"minecraft:granite":11,"minecraft:grass_block":14,"minecraft:poppy":1,"minecraft:cobblestone":3,"minecraft:diorite":3,"minecraft:stripped_spruce_wood":1,"minecraft:ice":3,"minecraft:stripped_spruce_log":4,"minecraft:andesite":14,"minecraft:grass_path":2,"minecraft:grass":42,"minecraft:coal_ore":29,"minecraft:gravel":2,"minecraft:sand":16,"minecraft:dirt":5,"minecraft:stone":72},"minecraft:killed":{"aoa3:snow_charger":3,"minecraft:sheep":2,"aoa3:yeti":1,"minecraft:cow":2},"minecraft:picked_up":{"aoa3:ice_crystal":3,"minecraft:feather":1,"aoa3:copper_coin":12,"minecraft:andesite":20,"minecraft:wooden_pickaxe":1,"minecraft:stripped_spruce_wood":1,"minecraft:dirt":18,"minecraft:string":4,"aoa3:cooked_charger_shank":1,"minecraft:wheat_seeds":1,"minecraft:beef":3,"aoa3:raw_charger_shank":3,"minecraft:poppy":1,"minecraft:gravel":2,"minecraft:sand":13,"aoa3:scrap_metal":1,"minecraft:stripped_spruce_log":4,"minecraft:diorite":3,"minecraft:white_bed":2,"minecraft:spruce_log":1,"minecraft:spider_eye":1,"ars_nouveau:wilden_horn":1,"ars_nouveau:worn_notebook":1,"mysticalworld:aubergine_seeds":4,"minecraft:granite":11,"mmorpg:stat_soul/stat_soul":1,"minecraft:mutton":3,"minecraft:coal":28,"minecraft:white_wool":2,"minecraft:cobblestone":74},"minecraft:crafted":{"minecraft:cooked_beef":3,"minecraft:glass_bottle":3,"minecraft:wooden_sword":1,"minecraft:wooden_shovel":1,"minecraft:crafting_table":2,"minecraft:spruce_planks":24,"minecraft:wooden_pickaxe":2,"minecraft:cooked_mutton":3,"minecraft:air":0,"aoa3:cooked_charger_shank":1,"minecraft:glass":4,"minecraft:stick":12,"minecraft:torch":8}},"DataVersion":2586}