{"stats":{"minecraft:broken":{"minecraft:leather_helmet":1,"minecraft:golden_helmet":1,"minecraft:golden_boots":2,"minecraft:wooden_shovel":1,"minecraft:stone_sword":5,"minecraft:golden_leggings":1,"minecraft:wooden_pickaxe":10,"minecraft:stone_pickaxe":2,"minecraft:wooden_sword":2,"minecraft:leather_boots":2,"minecraft:stone_axe":1,"minecraft:wooden_axe":1},"minecraft:picked_up":{"minecraft:wooden_axe":1,"minecraft:iron_chestplate":1,"minecraft:crafting_table":1,"aoa3:ice_crystal":3,"iceandfire:witherbone":5,"minecraft:chainmail_boots":1,"aoa3:copper_coin":33,"minecraft:wooden_pickaxe":1,"minecraft:potion":1,"minecraft:enchanted_book":2,"minecraft:stone_brick_stairs":3,"travelersbackpack:spider":6,"gravestone:obituary":4,"minecraft:shield":1,"minecraft:string":39,"aoa3:cooked_charger_shank":1,"minecraft:wooden_sword":2,"minecraft:iron_leggings":2,"minecraft:cracked_stone_bricks":4,"mmorpg:loot_crate/default":1,"minecraft:dark_prismarine_stairs":1,"minecraft:spruce_planks":4,"minecraft:beef":3,"aoa3:raw_charger_shank":6,"iceandfire:dread_shard":3,"minecraft:wooden_shovel":1,"minecraft:poppy":3,"minecraft:iron_boots":1,"minecraft:furnace":1,"minecraft:tipped_arrow":1,"minecraft:stick":3,"minecraft:torch":8,"minecraft:bowl":2,"minecraft:diorite":4,"minecraft:carrot":3,"minecraft:golden_chestplate":1,"minecraft:stone_sword":1,"minecraft:arrow":8,"minecraft:rotten_flesh":37,"mmorpg:ingredient/redstone_crystal":1,"mysticalworld:aubergine_seeds":4,"minecraft:mutton":3,"minecraft:iron_bars":22,"minecraft:snowball":3,"minecraft:white_wool":4,"minecraft:cobblestone":601,"minecraft:lime_bed":3,"minecraft:feather":5,"minecraft:cooked_beef":2,"minecraft:andesite":35,"minecraft:potato":3,"minecraft:flint":4,"minecraft:stripped_spruce_wood":18,"minecraft:golden_boots":1,"minecraft:gunpowder":3,"mmorpg:ingredient/ectoplasm":2,"minecraft:dirt":65,"minecraft:blue_bed":1,"minecraft:lantern":4,"minecraft:leather_boots":2,"minecraft:bone":15,"tetra:scroll_rolled":1,"minecraft:stone_bricks":10,"minecraft:wheat_seeds":1,"minecraft:iron_ingot":4,"minecraft:stone_pickaxe":1,"minecraft:iron_ore":45,"minecraft:mossy_stone_bricks":6,"minecraft:glass_bottle":1,"minecraft:polished_andesite_slab":5,"minecraft:mossy_stone_brick_stairs":2,"mmorpg:ingredient/bolete_mushroom":3,"minecraft:book":3,"minecraft:gravel":3,"minecraft:sand":13,"aoa3:scrap_metal":2,"minecraft:stripped_spruce_log":19,"minecraft:white_bed":2,"minecraft:spruce_log":1,"mmorpg:ingredient/slime_bolus":2,"minecraft:spider_eye":10,"minecraft:mossy_cobblestone":4,"minecraft:dark_prismarine":1,"minecraft:granite":11,"minecraft:mossy_cobblestone_stairs":1,"mmorpg:stat_soul/stat_soul":14,"minecraft:coal":92},"minecraft:killed_by":{"iceandfire:dread_scuttler":1,"minecraft:wither_skeleton":3,"minecraft:stray":1,"minecraft:creeper":1,"iceandfire:dread_knight":1,"minecraft:silverfish":2,"minecraft:cave_spider":1,"minecraft:zombie":6,"aoa3:yeti":2},"minecraft:crafted":{"minecraft:wooden_sword":1,"minecraft:furnace":8,"minecraft:cooked_mutton":3,"aoa3:cooked_charger_shank":2,"minecraft:glass":13,"minecraft:stone_pickaxe":2,"minecraft:chest":10,"minecraft:golden_boots":1,"minecraft:cooked_beef":3,"minecraft:glass_bottle":3,"minecraft:wooden_shovel":2,"minecraft:crafting_table":5,"minecraft:spruce_planks":152,"minecraft:wooden_pickaxe":10,"spartanweaponry:handle":1,"spartanweaponry:saber_iron":1,"minecraft:air":0,"minecraft:golden_leggings":1,"minecraft:stick":60,"minecraft:iron_ingot":45,"minecraft:iron_pickaxe":1,"minecraft:wooden_axe":1,"minecraft:stone_sword":6,"minecraft:torch":36},"minecraft:killed":{"minecraft:cave_spider":8,"minecraft:spider":13,"aoa3:snow_charger":5,"minecraft:skeleton":3,"aoa3:ghost":1,"aoa3:yeti":4,"minecraft:silverfish":3,"minecraft:iron_golem":1,"aoa3:void_walker":2,"aoa3:bomb_carrier":1,"minecraft:creeper":1,"minecraft:sheep":2,"minecraft:zombie":37,"minecraft:stray":6,"minecraft:wither_skeleton":8,"minecraft:cow":2},"minecraft:used":{"minecraft:stone_sword":665,"minecraft:iron_bars":2,"aoa3:cooked_charger_shank":2,"minecraft:chest":10,"minecraft:spruce_planks":34,"minecraft:shield":88,"minecraft:wooden_shovel":62,"aoa3:raw_charger_shank":1,"minecraft:rotten_flesh":3,"minecraft:torch":80,"minecraft:dirt":7,"minecraft:carrot":8,"minecraft:wooden_axe":44,"minecraft:packed_ice":1,"minecraft:furnace":8,"minecraft:egg":4,"minecraft:cooked_beef":12,"minecraft:potato":5,"minecraft:cooked_mutton":3,"travelersbackpack:spider":12,"minecraft:water_bucket":25,"minecraft:mossy_stone_bricks":6,"minecraft:diorite":1,"minecraft:glass_bottle":50,"minecraft:stone_pickaxe":316,"minecraft:baked_potato":16,"minecraft:wooden_pickaxe":640,"minecraft:blue_bed":1,"minecraft:golden_apple":1,"minecraft:white_wool":2,"minecraft:lime_bed":1,"minecraft:crafting_table":6,"aoa3:carved_rune_of_direction":1,"minecraft:white_bed":2,"minecraft:gravel":1,"minecraft:stone_axe":66,"spartanweaponry:saber_iron":5,"minecraft:wooden_sword":129,"minecraft:cobblestone":139,"minecraft:potion":44,"minecraft:bucket":26},"minecraft:dropped":{"minecraft:cooked_beef":2,"minecraft:ender_pearl":1,"mmorpg:stat_soul/stat_soul":2,"minecraft:feather":3,"minecraft:cobblestone":64,"minecraft:coal":1,"aoa3:ice_crystal":3,"minecraft:stick":3,"minecraft:wooden_axe":1,"minecraft:snowball":3,"minecraft:potion":7,"gravestone:obituary":3,"minecraft:wooden_sword":1,"minecraft:string":17,"minecraft:white_wool":2,"iceandfire:dread_shard":6,"minecraft:bone":2,"minecraft:furnace":1,"minecraft:golden_chestplate":1,"minecraft:stone_sword":1,"minecraft:bowl":2,"iceandfire:witherbone":1,"minecraft:rotten_flesh":10,"minecraft:iron_boots":1,"mmorpg:ingredient/bolete_mushroom":2,"minecraft:gunpowder":4,"minecraft:wooden_shovel":1,"iceandfire:troll_leather_frost":3,"minecraft:spider_eye":4,"minecraft:stone_bricks":3,"minecraft:iron_bars":6,"minecraft:arrow":4,"minecraft:stone_pickaxe":1,"minecraft:stone_brick_stairs":2,"mmorpg:ingredient/slime_bolus":1},"minecraft:mined":{"minecraft:dark_prismarine_stairs":1,"minecraft:dark_prismarine":1,"minecraft:spruce_planks":7,"minecraft:white_bed":2,"minecraft:mossy_cobblestone":11,"iceandfire:dread_torch":1,"minecraft:granite":11,"gravestone:gravestone":16,"minecraft:grass_block":29,"iceandfire:dread_spawner":1,"minecraft:polished_andesite_slab":5,"minecraft:chiseled_stone_bricks":1,"minecraft:spawner":26,"minecraft:furnace":1,"minecraft:carrots":1,"minecraft:mossy_cobblestone_stairs":4,"minecraft:iron_ore":44,"minecraft:snow":3,"minecraft:andesite":39,"minecraft:stripped_spruce_log":18,"minecraft:mossy_stone_brick_stairs":10,"minecraft:bookshelf":2,"minecraft:vine":3,"minecraft:iron_bars":20,"minecraft:stone":598,"minecraft:quartz_block":2,"minecraft:infested_stone_bricks":1,"minecraft:crafting_table":1,"minecraft:torch":1,"minecraft:poppy":1,"minecraft:cobblestone":8,"minecraft:diorite":10,"minecraft:blue_bed":1,"minecraft:lime_bed":2,"minecraft:stripped_spruce_wood":18,"minecraft:ice":4,"minecraft:stone_brick_stairs":10,"minecraft:grass_path":30,"minecraft:grass":50,"minecraft:coal_ore":71,"minecraft:sand":16,"minecraft:gravel":3,"minecraft:dirt":9,"minecraft:cracked_stone_bricks":17,"minecraft:stone_bricks":8,"ars_nouveau:arcane_ore":1,"minecraft:mossy_stone_bricks":13},"minecraft:custom":{"minecraft:mob_kills":99,"minecraft:interact_with_crafting_table":56,"minecraft:leave_game":12,"minecraft:time_since_death":33742,"minecraft:climb_one_cm":5834,"minecraft:sprint_one_cm":839682,"minecraft:walk_one_cm":942365,"minecraft:damage_blocked_by_shield":3571,"minecraft:drop":59,"minecraft:talked_to_villager":1,"minecraft:deaths":19,"minecraft:sneak_time":22405,"minecraft:walk_under_water_one_cm":10140,"minecraft:interact_with_lectern":1,"minecraft:jump":3012,"minecraft:walk_on_water_one_cm":11037,"minecraft:interact_with_furnace":66,"minecraft:play_one_minute":331880,"minecraft:sleep_in_bed":5,"minecraft:time_since_rest":25439,"minecraft:waystone_activated":1,"minecraft:damage_taken":15114,"minecraft:damage_absorbed":5022,"minecraft:damage_dealt":21509,"minecraft:fly_one_cm":448016,"minecraft:open_chest":160,"minecraft:crouch_one_cm":40820,"minecraft:fall_one_cm":58707}},"DataVersion":2586}