{"stats":{"minecraft:crafted":{"minecraft:crafting_table":1,"minecraft:spruce_planks":4},"minecraft:killed_by":{"ars_nouveau:wilden_stalker":1,"aoa3:yeti":2},"minecraft:custom":{"minecraft:time_since_rest":1378,"minecraft:damage_taken":674,"minecraft:play_one_minute":15393,"minecraft:damage_absorbed":179,"minecraft:deaths":3,"minecraft:sprint_one_cm":27600,"minecraft:walk_one_cm":26392,"minecraft:sneak_time":31,"minecraft:jump":104,"minecraft:damage_dealt":64,"minecraft:leave_game":2,"minecraft:time_since_death":1378,"minecraft:interact_with_crafting_table":2,"minecraft:fall_one_cm":2543,"minecraft:fly_one_cm":27586},"minecraft:mined":{"gravestone:gravestone":1,"minecraft:grass":8,"minecraft:poppy":1},"minecraft:used":{"minecraft:crafting_table":1},"minecraft:picked_up":{"aoa3:copper_coin":2,"ars_nouveau:worn_notebook":1,"mysticalworld:aubergine_seeds":1,"minecraft:poppy":1,"minecraft:spruce_log":1,"minecraft:spider_eye":1,"minecraft:string":2}},"DataVersion":2586}