{"stats":{"minecraft:crafted":{"minecraft:wooden_sword":1,"minecraft:furnace":8,"minecraft:bone_meal":6,"minecraft:cooked_mutton":3,"aoa3:cooked_charger_shank":2,"minecraft:glass":13,"minecraft:stone_pickaxe":2,"minecraft:chest":10,"minecraft:golden_boots":1,"minecraft:cooked_beef":3,"minecraft:glass_bottle":3,"minecraft:wooden_shovel":2,"minecraft:crafting_table":5,"minecraft:spruce_planks":152,"minecraft:wooden_pickaxe":10,"minecraft:iron_sword":1,"spartanweaponry:handle":2,"spartanweaponry:saber_iron":2,"minecraft:air":0,"minecraft:golden_leggings":1,"minecraft:stick":60,"minecraft:iron_ingot":45,"minecraft:iron_pickaxe":1,"minecraft:wooden_axe":1,"minecraft:stone_sword":6,"minecraft:torch":36},"minecraft:used":{"minecraft:stone_sword":665,"minecraft:iron_bars":2,"aoa3:cooked_charger_shank":2,"minecraft:chest":10,"minecraft:spruce_planks":34,"minecraft:shield":151,"minecraft:iron_sword":260,"minecraft:wooden_shovel":62,"minecraft:rotten_flesh":6,"aoa3:raw_charger_shank":1,"minecraft:torch":81,"minecraft:dirt":7,"minecraft:carrot":8,"minecraft:wooden_axe":44,"minecraft:packed_ice":1,"minecraft:furnace":8,"minecraft:egg":4,"minecraft:cooked_beef":16,"minecraft:potato":24,"minecraft:cooked_mutton":3,"minecraft:water_bucket":26,"travelersbackpack:spider":13,"minecraft:mossy_stone_bricks":6,"minecraft:diorite":1,"minecraft:stone_pickaxe":343,"minecraft:glass_bottle":84,"minecraft:baked_potato":17,"minecraft:wooden_pickaxe":640,"minecraft:blue_bed":1,"minecraft:golden_apple":1,"minecraft:white_wool":2,"minecraft:lime_bed":1,"minecraft:crafting_table":6,"aoa3:carved_rune_of_direction":1,"minecraft:white_bed":3,"minecraft:oak_log":3,"minecraft:diamond_shovel":1,"minecraft:iron_pickaxe":31,"minecraft:gravel":1,"minecraft:stone_axe":66,"spartanweaponry:saber_iron":265,"minecraft:wooden_sword":129,"minecraft:cobblestone":164,"minecraft:potion":78,"minecraft:cooked_porkchop":11,"minecraft:bucket":27,"minecraft:ice":1,"minecraft:bone_meal":6},"minecraft:dropped":{"minecraft:water_bucket":1,"minecraft:wheat_seeds":6,"minecraft:cooked_beef":2,"minecraft:tnt":2,"minecraft:ender_pearl":1,"minecraft:glass_bottle":1,"minecraft:cooked_porkchop":2,"mmorpg:stat_soul/stat_soul":5,"minecraft:feather":10,"minecraft:cobblestone":64,"minecraft:coal":1,"mmorpg:ingredient/fire_stone":3,"aoa3:ice_crystal":5,"minecraft:stick":3,"minecraft:wooden_axe":1,"minecraft:snowball":3,"minecraft:potion":7,"gravestone:obituary":6,"minecraft:wooden_sword":1,"minecraft:string":19,"minecraft:white_wool":2,"iceandfire:dread_shard":6,"minecraft:bone":2,"mmorpg:loot_crate/default":2,"minecraft:furnace":1,"spartanweaponry:saber_iron":1,"minecraft:golden_chestplate":1,"minecraft:nether_wart":3,"minecraft:stone_sword":1,"minecraft:bowl":2,"aoa3:raw_charger_shank":2,"iceandfire:witherbone":1,"minecraft:rotten_flesh":10,"minecraft:iron_boots":1,"mmorpg:ingredient/bolete_mushroom":8,"aoa3:carved_rune_of_travel":1,"minecraft:tipped_arrow":1,"minecraft:shield":2,"minecraft:gunpowder":8,"minecraft:wooden_shovel":1,"iceandfire:troll_leather_frost":3,"minecraft:spider_eye":4,"minecraft:stone_bricks":3,"minecraft:iron_bars":6,"minecraft:arrow":5,"minecraft:stone_pickaxe":1,"minecraft:stone_brick_stairs":2,"mmorpg:ingredient/slime_bolus":1,"mmorpg:ingredient/guardian_scales":2},"minecraft:custom":{"minecraft:mob_kills":217,"minecraft:interact_with_crafting_table":66,"minecraft:leave_game":16,"minecraft:time_since_death":51950,"minecraft:climb_one_cm":30333,"minecraft:sprint_one_cm":1112380,"minecraft:walk_one_cm":1412466,"minecraft:damage_blocked_by_shield":5467,"minecraft:drop":89,"minecraft:talked_to_villager":1,"minecraft:deaths":21,"minecraft:sneak_time":25929,"minecraft:walk_under_water_one_cm":17771,"minecraft:interact_with_lectern":1,"minecraft:jump":4333,"minecraft:walk_on_water_one_cm":19889,"minecraft:interact_with_furnace":77,"minecraft:play_one_minute":462787,"minecraft:sleep_in_bed":6,"minecraft:time_since_rest":51977,"minecraft:waystone_activated":2,"minecraft:damage_taken":24974,"minecraft:damage_absorbed":9503,"minecraft:damage_dealt":50292,"minecraft:minecart_one_cm":900,"minecraft:fly_one_cm":716906,"minecraft:open_chest":240,"minecraft:crouch_one_cm":60357,"minecraft:fall_one_cm":171245},"minecraft:picked_up":{"minecraft:wooden_axe":1,"minecraft:crafting_table":1,"minecraft:iron_chestplate":1,"aoa3:ice_crystal":6,"minecraft:chainmail_boots":1,"iceandfire:witherbone":5,"aoa3:copper_coin":50,"minecraft:nether_wart":3,"minecraft:wooden_pickaxe":1,"minecraft:enchanted_book":8,"minecraft:potion":2,"aoa3:limonite_ore":4,"minecraft:stone_brick_stairs":4,"gravestone:obituary":5,"travelersbackpack:spider":6,"minecraft:shield":2,"minecraft:string":44,"minecraft:cooked_salmon":4,"aoa3:cooked_charger_shank":1,"minecraft:wooden_sword":2,"minecraft:iron_leggings":2,"mmorpg:loot_crate/default":4,"minecraft:cracked_stone_bricks":4,"minecraft:spruce_planks":4,"minecraft:dark_prismarine_stairs":1,"aoa3:raw_charger_shank":10,"minecraft:beef":3,"iceandfire:dread_shard":3,"minecraft:iron_nugget":3,"minecraft:wooden_shovel":1,"minecraft:poppy":3,"minecraft:iron_boots":1,"minecraft:furnace":1,"minecraft:tipped_arrow":2,"minecraft:stick":26,"iceandfire:dragonbone":28,"minecraft:torch":10,"minecraft:bowl":2,"mmorpg:ingredient/fire_stone":3,"minecraft:diorite":4,"minecraft:carrot":4,"aoa3:carved_rune_of_travel":1,"minecraft:golden_chestplate":1,"iceandfire:dragon_skull_ice":1,"minecraft:tnt":2,"minecraft:stone_sword":1,"minecraft:arrow":13,"minecraft:rotten_flesh":98,"mmorpg:ingredient/redstone_crystal":4,"aoa3:amethyst":7,"mmorpg:ingredient/guardian_scales":4,"mysticalworld:aubergine_seeds":7,"mmorpg:ingredient/earth_crystal":2,"minecraft:mutton":3,"minecraft:iron_bars":22,"minecraft:snowball":3,"minecraft:white_wool":4,"minecraft:cobblestone":614,"minecraft:lime_bed":3,"minecraft:feather":12,"minecraft:cooked_beef":2,"aoa3:carved_rune_of_reality":1,"minecraft:andesite":35,"minecraft:potato":11,"minecraft:ice":3,"minecraft:flint":5,"minecraft:stripped_spruce_wood":18,"minecraft:oak_log":3,"minecraft:golden_boots":1,"minecraft:gunpowder":7,"mmorpg:ingredient/crystal_beryl":3,"mmorpg:ingredient/ectoplasm":6,"minecraft:dirt":65,"minecraft:blue_bed":1,"minecraft:lantern":4,"tetra:scroll_rolled":1,"minecraft:leather_boots":2,"minecraft:bone":25,"minecraft:stone_bricks":10,"minecraft:wheat_seeds":14,"minecraft:iron_ingot":4,"minecraft:stone_pickaxe":1,"minecraft:iron_ore":45,"minecraft:mossy_stone_bricks":6,"minecraft:glass_bottle":1,"minecraft:polished_andesite_slab":5,"minecraft:mossy_stone_brick_stairs":2,"mmorpg:ingredient/bolete_mushroom":9,"minecraft:book":3,"minecraft:gravel":8,"mmorpg:ingredient/crystal_amethyst":3,"minecraft:sand":13,"aoa3:scrap_metal":3,"minecraft:stripped_spruce_log":19,"minecraft:white_bed":3,"minecraft:spruce_log":1,"mmorpg:ingredient/fresh_heart":1,"mmorpg:ingredient/slime_bolus":2,"minecraft:spider_eye":12,"minecraft:mossy_cobblestone":4,"minecraft:dark_prismarine":1,"minecraft:granite":11,"minecraft:mossy_cobblestone_stairs":1,"minecraft:emerald":4,"mmorpg:stat_soul/stat_soul":20,"minecraft:coal":93},"minecraft:killed_by":{"minecraft:husk":1,"iceandfire:dread_scuttler":1,"minecraft:wither_skeleton":3,"minecraft:stray":1,"minecraft:creeper":1,"iceandfire:dread_knight":1,"minecraft:silverfish":2,"minecraft:cave_spider":1,"minecraft:skeleton":1,"minecraft:zombie":6,"aoa3:yeti":2},"minecraft:mined":{"minecraft:dark_prismarine_stairs":1,"minecraft:dark_prismarine":1,"minecraft:spruce_planks":7,"minecraft:white_bed":3,"minecraft:mossy_cobblestone":11,"iceandfire:dread_torch":1,"duneons:snowydoubleplantfern":21,"minecraft:granite":11,"gravestone:gravestone":18,"minecraft:grass_block":29,"iceandfire:dread_spawner":1,"minecraft:polished_andesite_slab":5,"minecraft:chiseled_stone_bricks":1,"minecraft:spawner":49,"minecraft:smooth_stone":1,"minecraft:mossy_cobblestone_stairs":4,"minecraft:furnace":1,"minecraft:carrots":1,"minecraft:iron_ore":44,"minecraft:snow":3,"aoa3:amethyst_ore":3,"minecraft:andesite":39,"minecraft:stripped_spruce_log":18,"minecraft:mossy_stone_brick_stairs":10,"minecraft:bookshelf":2,"minecraft:potatoes":3,"minecraft:vine":5,"minecraft:iron_bars":20,"minecraft:stone":612,"minecraft:quartz_block":2,"minecraft:infested_stone_bricks":1,"minecraft:stone_brick_slab":3,"minecraft:crafting_table":1,"minecraft:torch":1,"minecraft:poppy":1,"minecraft:cobblestone":8,"minecraft:sugar_cane":2,"minecraft:diorite":10,"minecraft:blue_bed":1,"minecraft:wall_torch":1,"duneons:snowdoubleplantgrasstop":15,"aoa3:limonite_ore":4,"minecraft:lime_bed":2,"duneons:snowtallgrass":29,"minecraft:stripped_spruce_wood":18,"minecraft:ice":5,"minecraft:stone_brick_stairs":11,"minecraft:grass_path":30,"minecraft:grass":109,"minecraft:coal_ore":71,"minecraft:oak_log":3,"minecraft:gravel":3,"minecraft:sand":16,"minecraft:dirt":9,"minecraft:cracked_stone_bricks":17,"ars_nouveau:arcane_ore":1,"minecraft:stone_bricks":12,"minecraft:mossy_stone_bricks":13,"minecraft:oak_leaves":10},"minecraft:broken":{"minecraft:leather_helmet":1,"minecraft:golden_helmet":3,"minecraft:golden_boots":2,"minecraft:wooden_shovel":1,"minecraft:stone_sword":5,"minecraft:wooden_pickaxe":10,"minecraft:golden_leggings":2,"minecraft:stone_pickaxe":2,"spartanweaponry:saber_iron":1,"minecraft:wooden_sword":2,"minecraft:leather_boots":2,"minecraft:stone_axe":1,"minecraft:wooden_axe":1},"minecraft:killed":{"minecraft:cave_spider":8,"minecraft:spider":15,"aoa3:snow_charger":9,"minecraft:skeleton":9,"duneons:icecreeper":1,"mysticalworld:sprout":1,"minecraft:chicken":1,"aoa3:yeti":10,"aoa3:ghost":1,"minecraft:silverfish":11,"duneons:frozenzombie":6,"minecraft:husk":17,"minecraft:zombie_villager":13,"aoa3:night_reaper":2,"minecraft:iron_golem":1,"minecraft:bat":1,"aoa3:void_walker":2,"dungeonsmod:pice":2,"aoa3:bomb_carrier":3,"minecraft:creeper":3,"aoa3:bugeye":1,"minecraft:sheep":2,"minecraft:zombie":59,"minecraft:stray":12,"minecraft:wither_skeleton":8,"minecraft:cow":2}},"DataVersion":2586}