{"stats":{"minecraft:custom":{"minecraft:interact_with_furnace":1,"minecraft:time_since_rest":11009,"minecraft:damage_taken":1232,"minecraft:damage_absorbed":301,"minecraft:play_one_minute":37921,"minecraft:crouch_one_cm":1352,"minecraft:walk_one_cm":47514,"minecraft:sprint_one_cm":84335,"minecraft:deaths":4,"minecraft:sneak_time":800,"minecraft:jump":359,"minecraft:damage_dealt":64,"minecraft:leave_game":5,"minecraft:time_since_death":7028,"minecraft:interact_with_crafting_table":2,"minecraft:fly_one_cm":95750,"minecraft:fall_one_cm":10036},"minecraft:used":{"minecraft:dirt":5,"minecraft:crafting_table":1},"minecraft:killed_by":{"ars_nouveau:wilden_stalker":1,"aoa3:yeti":2,"minecraft:creeper":1},"minecraft:mined":{"gravestone:gravestone":1,"minecraft:grass":42,"minecraft:grass_block":13,"minecraft:poppy":1,"minecraft:white_bed":2,"minecraft:gravel":2,"minecraft:dirt":5,"minecraft:stripped_spruce_log":3,"minecraft:grass_path":2},"minecraft:picked_up":{"aoa3:copper_coin":3,"minecraft:wooden_pickaxe":1,"minecraft:wheat_seeds":1,"ars_nouveau:worn_notebook":1,"mysticalworld:aubergine_seeds":4,"minecraft:gravel":2,"aoa3:scrap_metal":1,"minecraft:stripped_spruce_log":3,"minecraft:poppy":1,"minecraft:white_bed":2,"minecraft:spruce_log":1,"minecraft:spider_eye":1,"minecraft:dirt":17,"minecraft:string":3},"minecraft:crafted":{"minecraft:crafting_table":1,"minecraft:spruce_planks":16}},"DataVersion":2586}