{"stats":{"minecraft:mined":{"minecraft:white_bed":2,"iceandfire:dread_torch":1,"minecraft:crafting_table":1,"gravestone:gravestone":2,"minecraft:granite":11,"minecraft:grass_block":29,"minecraft:poppy":1,"iceandfire:dread_spawner":1,"minecraft:cobblestone":5,"minecraft:diorite":3,"minecraft:blue_bed":1,"minecraft:furnace":1,"minecraft:stripped_spruce_wood":17,"minecraft:snow":3,"minecraft:ice":3,"minecraft:andesite":27,"minecraft:stripped_spruce_log":18,"minecraft:grass_path":30,"minecraft:grass":44,"minecraft:coal_ore":57,"minecraft:gravel":2,"minecraft:sand":16,"minecraft:dirt":6,"minecraft:stone":572},"minecraft:broken":{"minecraft:wooden_shovel":1,"minecraft:wooden_sword":1,"minecraft:wooden_pickaxe":10},"minecraft:picked_up":{"aoa3:ice_crystal":3,"minecraft:crafting_table":1,"minecraft:feather":3,"aoa3:copper_coin":21,"minecraft:andesite":33,"minecraft:wooden_pickaxe":1,"minecraft:stripped_spruce_wood":17,"minecraft:blue_bed":1,"minecraft:dirt":62,"minecraft:string":5,"aoa3:cooked_charger_shank":1,"minecraft:wheat_seeds":1,"aoa3:raw_charger_shank":4,"minecraft:beef":3,"minecraft:poppy":1,"minecraft:furnace":1,"minecraft:stick":3,"minecraft:gravel":2,"minecraft:sand":13,"aoa3:scrap_metal":2,"minecraft:stripped_spruce_log":19,"minecraft:diorite":3,"minecraft:spruce_log":1,"minecraft:white_bed":2,"ars_nouveau:wilden_horn":1,"minecraft:spider_eye":1,"ars_nouveau:worn_notebook":1,"mysticalworld:aubergine_seeds":4,"minecraft:granite":11,"mmorpg:stat_soul/stat_soul":2,"minecraft:mutton":3,"minecraft:coal":58,"minecraft:snowball":3,"minecraft:white_wool":4,"minecraft:cobblestone":570},"minecraft:used":{"minecraft:cooked_mutton":3,"aoa3:cooked_charger_shank":2,"minecraft:glass_bottle":23,"minecraft:stone_pickaxe":41,"minecraft:chest":6,"minecraft:spruce_planks":5,"minecraft:wooden_pickaxe":637,"minecraft:blue_bed":1,"minecraft:wooden_shovel":59,"minecraft:white_wool":2,"minecraft:torch":20,"minecraft:dirt":5,"minecraft:crafting_table":3,"minecraft:white_bed":2,"minecraft:wooden_axe":22,"minecraft:wooden_sword":59,"minecraft:cobblestone":130,"minecraft:potion":21,"minecraft:furnace":8,"minecraft:cooked_beef":2},"minecraft:custom":{"minecraft:interact_with_furnace":26,"minecraft:mob_kills":11,"minecraft:interact_with_crafting_table":29,"minecraft:play_one_minute":136507,"minecraft:leave_game":7,"minecraft:time_since_death":8386,"minecraft:sleep_in_bed":2,"minecraft:time_since_rest":8427,"minecraft:sprint_one_cm":190564,"minecraft:damage_absorbed":689,"minecraft:damage_taken":2666,"minecraft:walk_one_cm":332780,"minecraft:drop":4,"minecraft:damage_dealt":2277,"minecraft:fly_one_cm":165441,"minecraft:talked_to_villager":1,"minecraft:open_chest":12,"minecraft:crouch_one_cm":36758,"minecraft:deaths":5,"minecraft:sneak_time":18621,"minecraft:walk_under_water_one_cm":8463,"minecraft:jump":1220,"minecraft:walk_on_water_one_cm":1278,"minecraft:fall_one_cm":20148},"minecraft:dropped":{"minecraft:feather":1,"minecraft:stick":3,"minecraft:string":1,"minecraft:white_wool":2},"minecraft:killed":{"aoa3:void_walker":1,"aoa3:snow_charger":4,"minecraft:sheep":2,"aoa3:yeti":2,"minecraft:cow":2},"minecraft:killed_by":{"iceandfire:dread_scuttler":1,"minecraft:creeper":1,"ars_nouveau:wilden_stalker":1,"aoa3:yeti":2},"minecraft:crafted":{"minecraft:cooked_beef":3,"minecraft:glass_bottle":3,"minecraft:wooden_sword":1,"minecraft:wooden_shovel":2,"minecraft:crafting_table":2,"minecraft:spruce_planks":148,"minecraft:wooden_pickaxe":10,"minecraft:furnace":8,"minecraft:cooked_mutton":3,"minecraft:air":0,"aoa3:cooked_charger_shank":2,"minecraft:glass":13,"minecraft:stick":40,"minecraft:stone_pickaxe":1,"minecraft:wooden_axe":1,"minecraft:chest":6,"minecraft:torch":24}},"DataVersion":2586}