{"stats":{"minecraft:crafted":{"minecraft:wooden_sword":1,"minecraft:wooden_shovel":1,"minecraft:crafting_table":4,"minecraft:spruce_planks":64,"minecraft:wooden_pickaxe":7,"minecraft:stick":32,"minecraft:stone_pickaxe":1,"minecraft:wooden_axe":1,"minecraft:torch":44},"minecraft:used":{"minecraft:mossy_stone_bricks":1,"minecraft:iron_bars":1,"minecraft:stone_sword":116,"minecraft:spruce_door":1,"minecraft:glass_bottle":16,"minecraft:wooden_pickaxe":329,"minecraft:spruce_planks":1,"minecraft:shield":76,"minecraft:wooden_shovel":16,"minecraft:rotten_flesh":32,"minecraft:torch":38,"minecraft:crafting_table":4,"minecraft:snowball":11,"minecraft:wooden_axe":46,"minecraft:string":1,"mmorpg:weapon/staff/iron":8,"minecraft:wooden_sword":64,"minecraft:potion":11,"travelersbackpack:standard":2,"minecraft:cooked_porkchop":2,"minecraft:beetroot_soup":1},"minecraft:dropped":{"minecraft:snow_block":1,"minecraft:stone_sword":1,"minecraft:glass_bottle":1,"minecraft:bowl":2,"mmorpg:stat_soul/stat_soul":1,"minecraft:cobblestone":81,"minecraft:glowstone_dust":2,"minecraft:cracked_stone_bricks":1,"aoa3:copper_coin":2,"minecraft:spruce_door":2,"minecraft:chainmail_helmet":1,"minecraft:tipped_arrow":1,"minecraft:diorite":36,"minecraft:andesite":6,"minecraft:snowball":1,"theoneprobe:probenote":1,"minecraft:spider_eye":6,"gravestone:obituary":5,"minecraft:wooden_sword":1,"minecraft:wooden_pickaxe":2},"minecraft:custom":{"minecraft:mob_kills":17,"minecraft:interact_with_crafting_table":15,"minecraft:play_one_minute":135008,"minecraft:leave_game":5,"minecraft:time_since_death":41325,"minecraft:sleep_in_bed":1,"minecraft:climb_one_cm":19281,"minecraft:time_since_rest":41485,"minecraft:sprint_one_cm":95018,"minecraft:damage_absorbed":1982,"minecraft:damage_taken":6484,"minecraft:walk_one_cm":253534,"minecraft:damage_blocked_by_shield":2662,"minecraft:drop":40,"minecraft:damage_dealt":4974,"minecraft:fly_one_cm":93093,"minecraft:talked_to_villager":1,"minecraft:open_chest":51,"minecraft:crouch_one_cm":10134,"minecraft:deaths":4,"minecraft:sneak_time":9430,"minecraft:walk_under_water_one_cm":4135,"minecraft:jump":1189,"minecraft:walk_on_water_one_cm":4972,"minecraft:fall_one_cm":13486},"minecraft:picked_up":{"minecraft:crafting_table":1,"minecraft:feather":2,"aoa3:copper_coin":5,"minecraft:andesite":39,"minecraft:wooden_pickaxe":1,"minecraft:enchanted_book":1,"minecraft:stripped_spruce_wood":27,"gravestone:obituary":1,"minecraft:shield":1,"minecraft:string":6,"minecraft:dirt":19,"minecraft:wooden_sword":1,"minecraft:leather_boots":1,"minecraft:bone":1,"minecraft:cracked_stone_bricks":1,"mmorpg:loot_crate/default":1,"minecraft:wheat_seeds":1,"aoa3:raw_charger_shank":1,"minecraft:mossy_stone_bricks":2,"minecraft:glass_bottle":14,"minecraft:glowstone_dust":2,"minecraft:tipped_arrow":1,"minecraft:cooked_porkchop":2,"minecraft:torch":1,"minecraft:bowl":1,"minecraft:stripped_spruce_log":1,"minecraft:diorite":36,"minecraft:spruce_log":2,"minecraft:leather_helmet":1,"minecraft:spider_eye":6,"minecraft:spruce_door":3,"travelersbackpack:standard":1,"minecraft:stone_sword":1,"minecraft:arrow":3,"minecraft:rotten_flesh":11,"minecraft:granite":11,"minecraft:baked_potato":12,"mmorpg:stat_soul/stat_soul":4,"minecraft:iron_bars":1,"minecraft:coal":7,"minecraft:snowball":1,"minecraft:cobblestone":213},"minecraft:killed_by":{"minecraft:spider":1,"minecraft:witch":1,"minecraft:zombie":1,"aoa3:everbeast":1},"minecraft:mined":{"minecraft:spruce_door":1,"minecraft:crafting_table":1,"minecraft:torch":1,"gravestone:gravestone":4,"minecraft:granite":11,"minecraft:grass_block":4,"minecraft:cobblestone":1,"minecraft:spruce_leaves":1,"minecraft:diorite":37,"minecraft:wall_torch":1,"minecraft:spawner":5,"minecraft:stripped_spruce_wood":30,"minecraft:snow":1,"minecraft:spruce_log":2,"minecraft:andesite":39,"minecraft:stripped_spruce_log":1,"minecraft:grass_path":2,"minecraft:grass":6,"minecraft:vine":3,"minecraft:iron_bars":2,"minecraft:gravel":6,"minecraft:dirt":13,"minecraft:cracked_stone_bricks":1,"minecraft:stone":206,"minecraft:mossy_stone_bricks":1},"minecraft:broken":{"minecraft:leather_helmet":1,"mmorpg:weapon/staff/iron":1,"minecraft:stone_sword":1,"minecraft:leather_boots":1,"minecraft:wooden_axe":1,"minecraft:wooden_pickaxe":4},"minecraft:killed":{"minecraft:cave_spider":4,"minecraft:witch":1,"minecraft:spider":3,"aoa3:bugeye":1,"minecraft:skeleton":1,"minecraft:zombie":2,"minecraft:stray":3,"aoa3:yeti":1}},"DataVersion":2586}