{"stats":{"minecraft:broken":{"mmorpg:weapon/staff/iron":1,"minecraft:wooden_pickaxe":4},"minecraft:picked_up":{"minecraft:feather":2,"minecraft:andesite":39,"minecraft:wooden_pickaxe":1,"minecraft:stripped_spruce_wood":27,"gravestone:obituary":1,"minecraft:shield":1,"minecraft:dirt":19,"minecraft:cracked_stone_bricks":1,"minecraft:wheat_seeds":1,"aoa3:raw_charger_shank":1,"minecraft:mossy_stone_bricks":1,"minecraft:cooked_porkchop":2,"minecraft:torch":1,"minecraft:bowl":1,"minecraft:stripped_spruce_log":1,"minecraft:diorite":36,"minecraft:spruce_log":2,"minecraft:spruce_door":1,"minecraft:rotten_flesh":6,"minecraft:granite":11,"mmorpg:stat_soul/stat_soul":1,"minecraft:snowball":1,"minecraft:cobblestone":212},"minecraft:killed_by":{"minecraft:spider":1,"minecraft:zombie":1},"minecraft:crafted":{"minecraft:wooden_sword":1,"minecraft:wooden_shovel":1,"minecraft:crafting_table":3,"minecraft:spruce_planks":56,"minecraft:wooden_pickaxe":6,"minecraft:stick":32,"minecraft:stone_pickaxe":1,"minecraft:wooden_axe":1,"minecraft:torch":16},"minecraft:killed":{"aoa3:yeti":1},"minecraft:used":{"minecraft:wooden_pickaxe":303,"minecraft:wooden_shovel":16,"minecraft:rotten_flesh":6,"minecraft:torch":17,"minecraft:crafting_table":3,"minecraft:snowball":11,"minecraft:wooden_axe":42,"mmorpg:weapon/staff/iron":8,"minecraft:wooden_sword":58,"minecraft:cooked_porkchop":1,"minecraft:beetroot_soup":1},"minecraft:dropped":{"minecraft:snow_block":1,"minecraft:bowl":1,"mmorpg:stat_soul/stat_soul":1,"minecraft:andesite":6,"theoneprobe:probenote":1,"gravestone:obituary":3,"minecraft:wooden_pickaxe":2},"minecraft:mined":{"minecraft:spruce_door":1,"minecraft:torch":1,"gravestone:gravestone":2,"minecraft:granite":11,"minecraft:grass_block":4,"minecraft:spruce_leaves":1,"minecraft:diorite":37,"minecraft:wall_torch":1,"minecraft:spawner":1,"minecraft:stripped_spruce_wood":30,"minecraft:snow":1,"minecraft:spruce_log":2,"minecraft:andesite":39,"minecraft:stripped_spruce_log":1,"minecraft:grass_path":2,"minecraft:grass":4,"minecraft:vine":1,"minecraft:gravel":6,"minecraft:dirt":13,"minecraft:cracked_stone_bricks":1,"minecraft:stone":206,"minecraft:mossy_stone_bricks":1},"minecraft:custom":{"minecraft:mob_kills":1,"minecraft:interact_with_crafting_table":12,"minecraft:play_one_minute":79505,"minecraft:leave_game":4,"minecraft:time_since_death":33443,"minecraft:sleep_in_bed":1,"minecraft:climb_one_cm":6879,"minecraft:time_since_rest":31294,"minecraft:sprint_one_cm":37169,"minecraft:walk_one_cm":95778,"minecraft:damage_taken":1984,"minecraft:damage_absorbed":455,"minecraft:drop":15,"minecraft:damage_dealt":854,"minecraft:talked_to_villager":1,"minecraft:fly_one_cm":44439,"minecraft:open_chest":3,"minecraft:crouch_one_cm":8481,"minecraft:deaths":2,"minecraft:sneak_time":8669,"minecraft:jump":578,"minecraft:fall_one_cm":7192}},"DataVersion":2586}