{"stats":{"minecraft:broken":{"mmorpg:weapon/staff/iron":1,"minecraft:wooden_pickaxe":1},"minecraft:picked_up":{"minecraft:feather":2,"minecraft:andesite":11,"minecraft:torch":1,"minecraft:bowl":1,"minecraft:spruce_log":2,"minecraft:stripped_spruce_wood":27,"minecraft:stripped_spruce_log":1,"gravestone:obituary":1,"minecraft:diorite":12,"minecraft:dirt":19,"minecraft:spruce_door":1,"minecraft:rotten_flesh":6,"minecraft:wheat_seeds":1,"aoa3:raw_charger_shank":1,"minecraft:granite":11,"mmorpg:stat_soul/stat_soul":1,"minecraft:snowball":1,"minecraft:cobblestone":50},"minecraft:killed_by":{"minecraft:spider":1,"minecraft:zombie":1},"minecraft:crafted":{"minecraft:wooden_shovel":1,"minecraft:crafting_table":2,"minecraft:spruce_planks":40,"minecraft:stick":20,"minecraft:wooden_axe":1,"minecraft:wooden_pickaxe":6,"minecraft:stone_pickaxe":1,"minecraft:torch":8},"minecraft:killed":{"aoa3:yeti":1},"minecraft:used":{"minecraft:wooden_axe":29,"minecraft:wooden_shovel":10,"minecraft:wooden_pickaxe":91,"mmorpg:weapon/staff/iron":8,"minecraft:rotten_flesh":5,"minecraft:torch":5,"minecraft:crafting_table":2,"minecraft:snowball":11,"minecraft:beetroot_soup":1},"minecraft:dropped":{"minecraft:bowl":1,"minecraft:andesite":6,"theoneprobe:probenote":1,"mmorpg:stat_soul/stat_soul":1,"gravestone:obituary":3,"minecraft:wooden_pickaxe":1},"minecraft:mined":{"minecraft:stripped_spruce_wood":30,"minecraft:spruce_log":2,"minecraft:snow":1,"minecraft:stripped_spruce_log":1,"minecraft:andesite":11,"minecraft:spruce_door":1,"minecraft:grass_path":2,"gravestone:gravestone":2,"minecraft:granite":11,"minecraft:grass":4,"minecraft:grass_block":4,"minecraft:dirt":13,"minecraft:spruce_leaves":1,"minecraft:stone":51,"minecraft:diorite":12},"minecraft:custom":{"minecraft:time_since_rest":2553,"minecraft:damage_taken":1415,"minecraft:sprint_one_cm":35381,"minecraft:damage_absorbed":342,"minecraft:walk_one_cm":73065,"minecraft:mob_kills":1,"minecraft:drop":13,"minecraft:damage_dealt":352,"minecraft:interact_with_crafting_table":11,"minecraft:open_chest":2,"minecraft:fly_one_cm":41450,"minecraft:talked_to_villager":1,"minecraft:play_one_minute":50764,"minecraft:crouch_one_cm":3466,"minecraft:deaths":2,"minecraft:sneak_time":3122,"minecraft:jump":475,"minecraft:leave_game":3,"minecraft:time_since_death":4702,"minecraft:sleep_in_bed":1,"minecraft:fall_one_cm":5570}},"DataVersion":2586}