{"stats":{"minecraft:dropped":{"theoneprobe:probenote":1,"gravestone:obituary":2,"minecraft:wooden_pickaxe":1},"minecraft:custom":{"minecraft:time_since_rest":13474,"minecraft:damage_absorbed":193,"minecraft:sprint_one_cm":23491,"minecraft:damage_taken":762,"minecraft:walk_one_cm":29303,"minecraft:drop":4,"minecraft:interact_with_crafting_table":6,"minecraft:fly_one_cm":27897,"minecraft:open_chest":2,"minecraft:play_one_minute":15735,"minecraft:crouch_one_cm":572,"minecraft:deaths":1,"minecraft:sneak_time":594,"minecraft:jump":184,"minecraft:time_since_death":10021,"minecraft:fall_one_cm":4347},"minecraft:used":{"minecraft:wooden_pickaxe":12,"minecraft:torch":1,"minecraft:crafting_table":1,"minecraft:snowball":11},"minecraft:killed_by":{"minecraft:spider":1},"minecraft:mined":{"minecraft:spruce_log":2,"minecraft:stripped_spruce_log":1,"minecraft:grass_path":2,"gravestone:gravestone":1,"minecraft:granite":3,"minecraft:grass":4,"minecraft:grass_block":1,"minecraft:dirt":7,"minecraft:spruce_leaves":1,"minecraft:stone":3},"minecraft:picked_up":{"minecraft:feather":2,"minecraft:torch":1,"minecraft:stripped_spruce_log":1,"gravestone:obituary":1,"minecraft:spruce_log":2,"minecraft:dirt":10,"minecraft:wheat_seeds":1,"ars_nouveau:worn_notebook":1,"aoa3:raw_charger_shank":1,"minecraft:granite":3,"minecraft:cobblestone":3},"minecraft:crafted":{"minecraft:crafting_table":1,"minecraft:spruce_planks":12,"minecraft:stick":4,"minecraft:wooden_pickaxe":1,"minecraft:stone_pickaxe":1}},"DataVersion":2586}