{"stats":{"minecraft:broken":{"mmorpg:weapon/staff/iron":1,"minecraft:wooden_pickaxe":4},"minecraft:picked_up":{"minecraft:feather":2,"minecraft:andesite":28,"minecraft:wooden_pickaxe":1,"minecraft:torch":1,"minecraft:bowl":1,"minecraft:spruce_log":2,"minecraft:stripped_spruce_wood":27,"minecraft:stripped_spruce_log":1,"gravestone:obituary":1,"minecraft:diorite":35,"minecraft:dirt":19,"minecraft:spruce_door":1,"minecraft:rotten_flesh":6,"minecraft:wheat_seeds":1,"aoa3:raw_charger_shank":1,"minecraft:granite":11,"mmorpg:stat_soul/stat_soul":1,"minecraft:snowball":1,"minecraft:cobblestone":206},"minecraft:killed_by":{"minecraft:spider":1,"minecraft:zombie":1},"minecraft:crafted":{"minecraft:wooden_shovel":1,"minecraft:crafting_table":2,"minecraft:spruce_planks":44,"minecraft:stick":28,"minecraft:wooden_axe":1,"minecraft:wooden_pickaxe":6,"minecraft:stone_pickaxe":1,"minecraft:torch":16},"minecraft:killed":{"aoa3:yeti":1},"minecraft:used":{"minecraft:wooden_axe":29,"minecraft:wooden_shovel":10,"minecraft:wooden_pickaxe":281,"mmorpg:weapon/staff/iron":8,"minecraft:rotten_flesh":5,"minecraft:torch":12,"minecraft:crafting_table":2,"minecraft:snowball":11,"minecraft:beetroot_soup":1},"minecraft:dropped":{"minecraft:bowl":1,"minecraft:andesite":6,"theoneprobe:probenote":1,"mmorpg:stat_soul/stat_soul":1,"gravestone:obituary":3,"minecraft:wooden_pickaxe":2},"minecraft:mined":{"minecraft:stripped_spruce_wood":30,"minecraft:spruce_log":2,"minecraft:snow":1,"minecraft:stripped_spruce_log":1,"minecraft:andesite":28,"minecraft:spruce_door":1,"minecraft:grass_path":2,"gravestone:gravestone":2,"minecraft:granite":11,"minecraft:grass":4,"minecraft:grass_block":4,"minecraft:dirt":13,"minecraft:spruce_leaves":1,"minecraft:stone":200,"minecraft:diorite":36},"minecraft:custom":{"minecraft:time_since_rest":14553,"minecraft:damage_taken":1415,"minecraft:sprint_one_cm":35698,"minecraft:damage_absorbed":342,"minecraft:walk_one_cm":85363,"minecraft:mob_kills":1,"minecraft:drop":14,"minecraft:damage_dealt":352,"minecraft:interact_with_crafting_table":11,"minecraft:open_chest":2,"minecraft:fly_one_cm":41450,"minecraft:talked_to_villager":1,"minecraft:play_one_minute":62764,"minecraft:crouch_one_cm":4810,"minecraft:deaths":2,"minecraft:sneak_time":4312,"minecraft:jump":502,"minecraft:leave_game":3,"minecraft:time_since_death":16702,"minecraft:sleep_in_bed":1,"minecraft:fall_one_cm":5570}},"DataVersion":2586}